"Time","x"
-5.727438751E-1,1.005169067E3
4.278321250E-1,1.005168762E3
1.428407125E0,1.005169067E3
2.428983125E0,1.005170593E3
3.429559125E0,1.005172501E3
4.430141125E0,1.005172501E3
4.981094125E0,1.005173187E3
5.981665125E0,1.005172348E3
6.982241125E0,1.005172348E3
7.982819125E0,1.005169907E3
8.983399125E0,1.005165482E3
9.983968125E0,1.005164642E3
1.098454512E1,1.005160294E3
1.198513012E1,1.005158539E3
1.298570012E1,1.005158539E3
1.398628012E1,1.005158691E3
1.498685412E1,1.005159073E3
1.598742512E1,1.005159531E3
1.698800712E1,1.005159836E3
1.798857912E1,1.005160446E3
1.898915612E1,1.005160599E3
1.998973112E1,1.005163345E3
2.099031212E1,1.005166168E3
2.199088812E1,1.005167923E3
2.299146712E1,1.005169067E3
2.399207112E1,1.005169067E3
2.499261912E1,1.005167084E3
2.599319112E1,1.005160217E3
2.699377712E1,1.005155258E3
2.799434612E1,1.005147934E3
2.899492312E1,1.005144806E3
2.999550012E1,1.005140457E3
3.099607612E1,1.005140457E3
3.199665212E1,1.005140762E3
3.299723212E1,1.005143661E3
3.399780212E1,1.005146332E3
3.499870712E1,1.005151443E3
3.599895712E1,1.005157013E3
3.699953312E1,1.005162659E3
3.800011312E1,1.005165558E3
3.900069112E1,1.005165787E3
4.000126712E1,1.005165863E3
4.100184212E1,1.005165787E3
4.200241712E1,1.005163116E3
4.300299912E1,1.005161896E3
4.400357512E1,1.005159454E3
4.500414612E1,1.005157547E3
4.600475312E1,1.005157242E3
4.700530412E1,1.005157547E3
4.800587812E1,1.005157928E3
4.900645712E1,1.005160980E3
5.000703612E1,1.005162506E3
5.100761012E1,1.005163574E3
5.200818612E1,1.005163727E3
5.300876112E1,1.005163956E3
5.400933412E1,1.005164795E3
5.500991612E1,1.005165100E3
5.601049112E1,1.005164795E3
5.701106712E1,1.005162964E3
5.801164212E1,1.005161514E3
5.901222112E1,1.005159988E3
6.001279912E1,1.005159225E3
6.101337112E1,1.005159225E3
6.201395212E1,1.005160904E3
6.301452312E1,1.005161972E3
6.401510012E1,1.005163498E3
6.501567812E1,1.005164948E3
6.601625812E1,1.005165634E3
6.701683212E1,1.005166550E3
6.801741013E1,1.005167007E3
6.901798612E1,1.005167007E3
7.001855812E1,1.005166168E3
7.101913512E1,1.005165863E3
7.201971612E1,1.005166168E3
7.302028712E1,1.005166931E3
7.402086512E1,1.005167542E3
7.502144512E1,1.005168228E3
7.602201912E1,1.005168228E3
7.702259612E1,1.005165100E3
7.802317412E1,1.005165100E3
7.902374912E1,1.005167236E3
8.002432912E1,1.005170441E3
8.102515612E1,1.005175400E3
8.202547912E1,1.005179062E3
8.302605612E1,1.005179520E3
8.402663312E1,1.005179520E3
8.502721013E1,1.005178833E3
8.602778212E1,1.005176773E3
8.702836112E1,1.005176392E3
8.802893912E1,1.005175934E3
8.902951112E1,1.005175934E3
9.003013512E1,1.005175934E3
9.103066912E1,1.005175018E3
9.203124412E1,1.005174103E3
9.303182112E1,1.005172806E3
9.403240112E1,1.005169220E3
9.503297112E1,1.005163879E3
9.603354812E1,1.005160217E3
9.703412512E1,1.005154114E3
9.803470212E1,1.005149536E3
9.903548912E1,1.005142212E3
1.000358541E2,1.005140305E3
1.010364331E2,1.005138245E3
1.020370081E2,1.005138245E3
1.030375841E2,1.005138016E3
1.040381601E2,1.005136108E3
1.050387341E2,1.005133667E3
1.060393121E2,1.005132980E3
1.070398911E2,1.005132751E3
1.080404761E2,1.005132751E3
1.090410411E2,1.005135956E3
1.100416201E2,1.005136337E3
1.110421951E2,1.005138626E3
1.120427721E2,1.005138931E3
1.130433481E2,1.005138931E3
1.140439211E2,1.005140076E3
1.150445031E2,1.005143204E3
1.160450751E2,1.005147400E3
1.170456761E2,1.005151901E3
1.180462351E2,1.005157547E3
1.190468061E2,1.005160599E3
1.200473821E2,1.005164337E3
1.210479561E2,1.005164871E3
1.220485361E2,1.005166931E3
1.230491111E2,1.005169373E3
1.240496841E2,1.005173111E3
1.250502681E2,1.005176010E3
1.260510011E2,1.005178757E3
1.270514141E2,1.005180130E3
1.280519931E2,1.005180130E3
1.290525701E2,1.005178146E3
1.300531451E2,1.005177612E3
1.310537261E2,1.005177155E3
1.320543011E2,1.005176544E3
1.330548751E2,1.005174713E3
1.340554491E2,1.005172501E3
1.350563461E2,1.005169144E3
1.360566031E2,1.005167236E3
1.370571761E2,1.005164642E3
1.380577631E2,1.005163879E3
1.390583371E2,1.005163879E3
1.400589151E2,1.005164566E3
1.410594911E2,1.005164719E3
1.420600651E2,1.005164719E3
1.430606391E2,1.005164719E3
1.440612211E2,1.005163345E3
1.450617931E2,1.005161819E3
1.460623731E2,1.005161057E3
1.470629541E2,1.005160751E3
1.480635291E2,1.005160446E3
1.490640991E2,1.005160370E3
1.500646801E2,1.005160141E3
1.510652521E2,1.005158310E3
1.520658211E2,1.005156403E3
1.530664091E2,1.005153732E3
1.540669781E2,1.005152817E3
1.550675591E2,1.005151062E3
1.560681281E2,1.005151062E3
1.570687081E2,1.005151138E3
1.580692881E2,1.005152969E3
1.590698621E2,1.005153503E3
1.600704401E2,1.005156097E3
1.610710161E2,1.005157394E3
1.620715881E2,1.005157928E3
1.630721681E2,1.005158386E3
1.640729151E2,1.005158386E3
1.650733221E2,1.005156937E3
1.660738961E2,1.005156937E3
1.670744741E2,1.005156937E3
1.680750511E2,1.005155945E3
1.690756241E2,1.005155945E3
1.700762061E2,1.005156860E3
1.710767821E2,1.005156860E3
1.720773521E2,1.005156708E3
1.730779341E2,1.005156708E3
1.740785031E2,1.005158539E3
1.750790851E2,1.005159454E3
1.760796611E2,1.005160217E3
1.770802351E2,1.005164032E3
1.780808181E2,1.005165558E3
1.790813881E2,1.005166779E3
1.800819681E2,1.005168076E3
1.810825421E2,1.005168610E3
1.820831191E2,1.005168610E3
1.830836951E2,1.005168610E3
1.840842751E2,1.005168381E3
1.850848481E2,1.005168381E3
1.860858311E2,1.005167770E3
1.870860001E2,1.005167770E3
1.880865771E2,1.005167694E3
1.890871551E2,1.005167007E3
1.900877251E2,1.005166702E3
1.910883051E2,1.005166702E3
1.920888831E2,1.005166245E3
1.930894571E2,1.005168076E3
1.940900361E2,1.005168076E3
1.950906121E2,1.005169907E3
1.960911891E2,1.005172424E3
1.970917701E2,1.005175705E3
1.980923471E2,1.005179672E3
1.990929201E2,1.005181274E3
2.000934951E2,1.005181961E3
2.010940721E2,1.005183029E3
2.020946471E2,1.005183105E3
2.030952311E2,1.005183182E3
2.040958051E2,1.005184250E3
2.050963791E2,1.005183182E3
2.060969521E2,1.005182800E3
2.070975271E2,1.005182266E3
2.080981061E2,1.005181046E3
2.090986811E2,1.005178986E3
2.100992581E2,1.005177917E3
2.110998331E2,1.005177917E3
2.121004121E2,1.005177917E3
2.131009871E2,1.005177994E3
2.141015681E2,1.005178146E3
2.151021391E2,1.005178146E3
2.161027191E2,1.005176849E3
2.171032931E2,1.005176620E3
2.181038721E2,1.005176849E3
2.191044451E2,1.005177078E3
2.201050271E2,1.005177536E3
2.211056041E2,1.005180283E3
2.221061791E2,1.005182266E3
2.231067521E2,1.005187454E3
2.241073281E2,1.005190506E3
2.251079041E2,1.005195389E3
2.261084831E2,1.005195923E3
2.271090581E2,1.005196609E3
2.281099541E2,1.005197067E3
2.291102141E2,1.005197067E3
2.301107901E2,1.005197067E3
2.311113711E2,1.005197678E3
2.321119451E2,1.005197678E3
2.331125201E2,1.005196686E3
2.341130961E2,1.005196228E3
2.351136721E2,1.005195236E3
2.361142461E2,1.005193558E3
2.371148291E2,1.005190964E3
2.381154041E2,1.005189590E3
2.391163071E2,1.005188065E3
2.401165521E2,1.005187225E3
2.411171311E2,1.005187225E3
2.421177081E2,1.005187836E3
2.431182891E2,1.005188293E3
2.441188571E2,1.005188293E3
2.451194371E2,1.005189667E3
2.461200141E2,1.005190353E3
2.471205941E2,1.005190887E3
2.481211671E2,1.005191345E3
2.491217441E2,1.005193176E3
2.501225181E2,1.005194855E3
2.511228941E2,1.005196152E3
2.521234621E2,1.005198441E3
2.531240461E2,1.005202789E3
2.541246241E2,1.005202942E3
2.551252001E2,1.005202942E3
2.561257751E2,1.005202942E3
2.571263511E2,1.005202332E3
2.581269281E2,1.005196991E3
2.591275041E2,1.005190582E3
2.601280821E2,1.005182343E3
2.611288081E2,1.005174484E3
2.621292331E2,1.005169144E3
2.631298091E2,1.005162735E3
2.641303861E2,1.005161438E3
2.651309621E2,1.005159607E3
2.661315401E2,1.005156860E3
2.671321211E2,1.005154572E3
2.681326961E2,1.005152740E3
2.691332691E2,1.005150375E3
2.701338481E2,1.005148468E3
2.711344181E2,1.005148010E3
2.721349971E2,1.005147018E3
2.731355781E2,1.005146713E3
2.741362381E2,1.005145416E3
2.751367281E2,1.005143051E3
2.761373061E2,1.005135956E3
2.771378811E2,1.005123978E3
2.781384531E2,1.005115051E3
2.791390341E2,1.005108871E3
2.801396141E2,1.005100479E3
2.811401871E2,1.005095749E3
2.821407581E2,1.005095749E3
2.831413381E2,1.005097885E3
2.841419141E2,1.005098572E3
2.851424901E2,1.005106430E3
2.861430721E2,1.005112381E3
2.871436401E2,1.005118866E3
2.881442181E2,1.005122910E3
2.891448811E2,1.005152817E3
2.901453761E2,1.005168381E3
2.911459481E2,1.005184860E3
2.921465251E2,1.005199432E3
2.931471031E2,1.005214157E3
2.941476791E2,1.005218430E3
2.951482571E2,1.005219421E3
2.961488271E2,1.005222626E3
2.971494041E2,1.005222626E3
2.981499821E2,1.005221786E3
2.991505621E2,1.005216827E3
3.001511281E2,1.005210190E3
3.011517101E2,1.005208740E3
3.021525321E2,1.005206985E3
3.031528631E2,1.005204086E3
3.041534401E2,1.005202179E3
3.051540151E2,1.005200424E3
3.061545881E2,1.005197830E3
3.071551651E2,1.005195618E3
3.081557451E2,1.005194244E3
3.091563231E2,1.005194244E3
3.101568941E2,1.005193787E3
3.111574701E2,1.005193787E3
3.121580481E2,1.005193787E3
3.131586231E2,1.005192871E3
3.141591991E2,1.005192871E3
3.151597761E2,1.005191727E3
3.161603531E2,1.005186844E3
3.171609281E2,1.005182877E3
3.181615021E2,1.005177612E3
3.191620781E2,1.005170670E3
3.201626561E2,1.005158997E3
3.211632291E2,1.005145187E3
3.221638111E2,1.005115509E3
3.231643891E2,1.005085373E3
3.241649611E2,1.005053024E3
3.251655381E2,1.005026855E3
3.261661101E2,1.005008392E3
3.271666881E2,1.004999542E3
3.281673901E2,1.004979172E3
3.291678441E2,1.004957733E3
3.301684181E2,1.004925461E3
3.311689941E2,1.004900436E3
3.321695711E2,1.004874191E3
3.331701451E2,1.004857330E3
3.341707211E2,1.004836731E3
3.351712961E2,1.004823151E3
3.361718741E2,1.004801178E3
3.371724501E2,1.004775238E3
3.381730281E2,1.004745102E3
3.391735991E2,1.004717865E3
3.401741781E2,1.004696198E3
3.411747531E2,1.004678726E3
3.421753361E2,1.004663315E3
3.431760281E2,1.004647064E3
3.441764841E2,1.004627762E3
3.451770641E2,1.004603806E3
3.461776401E2,1.004568176E3
3.471782101E2,1.004545212E3
3.481787881E2,1.004519577E3
3.491793691E2,1.004504852E3
3.501799421E2,1.004492874E3
3.511805151E2,1.004481812E3
3.521810931E2,1.004464722E3
3.531816681E2,1.004441910E3
3.541822431E2,1.004412613E3
3.551828211E2,1.004380798E3
3.561833981E2,1.004362411E3
3.571839751E2,1.004341736E3
3.581849261E2,1.004327927E3
3.591851261E2,1.004301605E3
3.601857031E2,1.004280243E3
3.611862791E2,1.004249878E3
3.621868591E2,1.004219666E3
3.631874321E2,1.004173737E3
3.641880041E2,1.004145355E3
3.651885801E2,1.004113617E3
3.661891621E2,1.004093475E3
3.671897361E2,1.004076614E3
3.681903111E2,1.004076538E3
3.691908841E2,1.004076614E3
3.701914601E2,1.004082489E3
3.711920381E2,1.004088287E3
3.721926201E2,1.004090042E3
3.731931931E2,1.004092026E3
3.741937711E2,1.004092026E3
3.751943451E2,1.004091263E3
3.761949231E2,1.004081650E3
3.771955001E2,1.004069290E3
3.781960761E2,1.004043732E3
3.791966491E2,1.004012375E3
3.801972261E2,1.003990173E3
3.811978041E2,1.003966827E3
3.821983821E2,1.003960266E3
3.831989521E2,1.003960266E3
3.841995301E2,1.003962250E3
3.852001081E2,1.003962250E3
3.862006851E2,1.003962021E3
3.872012601E2,1.003959732E3
3.882018301E2,1.003955002E3
3.892024121E2,1.003949738E3
3.902031861E2,1.003945618E3
3.912035681E2,1.003942032E3
3.922041441E2,1.003940964E3
3.932047151E2,1.003936996E3
3.942052971E2,1.003936615E3
3.952058691E2,1.003932495E3
3.962064491E2,1.003931351E3
3.972070261E2,1.003931351E3
3.982075981E2,1.003931351E3
3.992081791E2,1.003931580E3
4.002087511E2,1.003931580E3
4.012093271E2,1.003934174E3
4.022098991E2,1.003934555E3
4.032104791E2,1.003935318E3
4.042110571E2,1.003935318E3
4.052116351E2,1.003934402E3
4.062122101E2,1.003933792E3
4.072127871E2,1.003933792E3
4.082133681E2,1.003933334E3
4.092140991E2,1.003933334E3
4.102145131E2,1.003935394E3
4.112150941E2,1.003935623E3
4.122156701E2,1.003938217E3
4.132162461E2,1.003939667E3
4.142168171E2,1.003940048E3
4.152173961E2,1.003939667E3
4.162179751E2,1.003937073E3
4.172185491E2,1.003937073E3
4.182191241E2,1.003937073E3
4.192196991E2,1.003936462E3
4.202202831E2,1.003936462E3
4.212208571E2,1.003936462E3
4.222214331E2,1.003935852E3
4.232220041E2,1.003935852E3
4.242225841E2,1.003938217E3
4.252231631E2,1.003939896E3
4.262242011E2,1.003942719E3
4.272243151E2,1.003946609E3
4.282248901E2,1.003948059E3
4.292254661E2,1.003953018E3
4.302260411E2,1.003955688E3
4.312266221E2,1.003956299E3
4.322271991E2,1.003956985E3
4.332277691E2,1.003956985E3
4.342283471E2,1.003956757E3
4.352289241E2,1.003956451E3
4.362294981E2,1.003953629E3
4.372300761E2,1.003952789E3
4.382306521E2,1.003950119E3
4.392312291E2,1.003946991E3
4.402318061E2,1.003942337E3
4.412326801E2,1.003941803E3
4.422329571E2,1.003941422E3
4.432335341E2,1.003941422E3
4.442341111E2,1.003942795E3
4.452346871E2,1.003945160E3
4.462352631E2,1.003943634E3
4.472358391E2,1.003943634E3
4.482364161E2,1.003940201E3
4.492369961E2,1.003935547E3
4.502375731E2,1.003932114E3
4.512381481E2,1.003925323E3
4.522387201E2,1.003925018E3
4.532392981E2,1.003924561E3
4.542398751E2,1.003925018E3
4.552404501E2,1.003930511E3
4.562414111E2,1.003931961E3
4.572416021E2,1.003938751E3
4.582421801E2,1.003940353E3
4.592427561E2,1.003940353E3
4.602433321E2,1.003938980E3
4.612439041E2,1.003938980E3
4.622444811E2,1.003938828E3
4.632450581E2,1.003934097E3
4.642456441E2,1.003933716E3
4.652462131E2,1.003934097E3
4.662467861E2,1.003934402E3
4.672473631E2,1.003934631E3
4.682479421E2,1.003934631E3
4.692485141E2,1.003938293E3
4.702490961E2,1.003941193E3
4.712496761E2,1.003943100E3
4.722502481E2,1.003946228E3
4.732509801E2,1.003946228E3
4.742513961E2,1.003946838E3
4.752519761E2,1.003945847E3
4.762525561E2,1.003945084E3
4.772531301E2,1.003945007E3
4.782537001E2,1.003945007E3
4.792542781E2,1.003942719E3
4.802548551E2,1.003942184E3
4.812554281E2,1.003942184E3
4.822560101E2,1.003938904E3
4.832565871E2,1.003937225E3
4.842571661E2,1.003937225E3
4.852577371E2,1.003936996E3
4.862583121E2,1.003936615E3
4.872588881E2,1.003935699E3
4.882598071E2,1.003933868E3
4.892600411E2,1.003930054E3
4.902606191E2,1.003924103E3
4.912612001E2,1.003923492E3
4.922617701E2,1.003917160E3
4.932623451E2,1.003914871E3
4.942629251E2,1.003907928E3
4.952634991E2,1.003902283E3
4.962640781E2,1.003902283E3
4.972646561E2,1.003906250E3
4.982652301E2,1.003912811E3
4.992658111E2,1.003913727E3
5.002663821E2,1.003915024E3
5.012669601E2,1.003920822E3
5.022675391E2,1.003920822E3
5.032681141E2,1.003914337E3
5.042686911E2,1.003914337E3
5.052692721E2,1.003916855E3
5.062698491E2,1.003916855E3
5.072704191E2,1.003916855E3
5.082710031E2,1.003916855E3
5.092715771E2,1.003922119E3
5.102721481E2,1.003924789E3
5.112727321E2,1.003929443E3
5.122733091E2,1.003929443E3
5.132738841E2,1.003928299E3
5.142744621E2,1.003922272E3
5.152751961E2,1.003910446E3
5.162756161E2,1.003895264E3
5.172761901E2,1.003892365E3
5.182767721E2,1.003892365E3
5.192773471E2,1.003895493E3
5.202779321E2,1.003907928E3
5.212785021E2,1.003925095E3
5.222790811E2,1.003941116E3
5.232796561E2,1.003949966E3
5.242802301E2,1.003957062E3
5.252808061E2,1.003965378E3
5.262813831E2,1.003965607E3
5.272819631E2,1.003965607E3
5.282825431E2,1.003959579E3
5.292831181E2,1.003951797E3
5.302836941E2,1.003940201E3
5.312842651E2,1.003929520E3
5.322848451E2,1.003922348E3
5.332854191E2,1.003921280E3
5.342859971E2,1.003921280E3
5.352865741E2,1.003923798E3
5.362871481E2,1.003928680E3
5.372877221E2,1.003928680E3
5.382883011E2,1.003926239E3
5.392888781E2,1.003924332E3
5.402894561E2,1.003923492E3
5.412900331E2,1.003922882E3
5.422906121E2,1.003918457E3
5.432911851E2,1.003915710E3
5.442917641E2,1.003905334E3
5.452923401E2,1.003895645E3
5.462929121E2,1.003894272E3
5.472934941E2,1.003894272E3
5.482940661E2,1.003897400E3
5.492946481E2,1.003906860E3
5.502952201E2,1.003912201E3
5.512962331E2,1.003913574E3
5.522963761E2,1.003916550E3
5.532969531E2,1.003920975E3
5.542975301E2,1.003926315E3
5.552981041E2,1.003927231E3
5.562986821E2,1.003927689E3
5.572992611E2,1.003928986E3
5.582998341E2,1.003928986E3
5.593004121E2,1.003928757E3
5.603009851E2,1.003928757E3
5.613015621E2,1.003931198E3
5.623021371E2,1.003937302E3
5.633027181E2,1.003942108E3
5.643032921E2,1.003949814E3
5.653038721E2,1.003958359E3
5.663045161E2,1.003964844E3
5.673050251E2,1.003970108E3
5.683055971E2,1.003973083E3
5.693061711E2,1.003976593E3
5.703067541E2,1.003979721E3
5.713073281E2,1.003981857E3
5.723079081E2,1.003985138E3
5.733084801E2,1.003985596E3
5.743090581E2,1.003988571E3
5.753096371E2,1.003990479E3
5.763102121E2,1.003994827E3
5.773107861E2,1.003998337E3
5.783113661E2,1.003998337E3
5.793123881E2,1.003993530E3
5.803125171E2,1.003988037E3
5.813130941E2,1.003976288E3
5.823136741E2,1.003966293E3
5.833142451E2,1.003955002E3
5.843148231E2,1.003946762E3
5.853153961E2,1.003934937E3
5.863159731E2,1.003931046E3
5.873165521E2,1.003925095E3
5.883174241E2,1.003914261E3
5.893177061E2,1.003901215E3
5.903182741E2,1.003900604E3
5.913188571E2,1.003890762E3
5.923194311E2,1.003884583E3
5.933200051E2,1.003883514E3
5.943205821E2,1.003882141E3
5.953211581E2,1.003879776E3
5.963217351E2,1.003879776E3
5.973223121E2,1.003880157E3
5.983228861E2,1.003881226E3
5.993234641E2,1.003882446E3
6.003240461E2,1.003882675E3
6.013246151E2,1.003885422E3
6.023251941E2,1.003886185E3
6.033257731E2,1.003887863E3
6.043263471E2,1.003889008E3
6.053269231E2,1.003887863E3
6.063274971E2,1.003881149E3
6.073280751E2,1.003868484E3
6.083286541E2,1.003865509E3
6.093292271E2,1.003864136E3
6.103298031E2,1.003865204E3
6.113303781E2,1.003865204E3
6.123309501E2,1.003865204E3
6.133315331E2,1.003861771E3
6.143321041E2,1.003850403E3
6.153326861E2,1.003850403E3
6.163332601E2,1.003854065E3
6.173338351E2,1.003857346E3
6.183344131E2,1.003861618E3
6.193354171E2,1.003871994E3
6.203355621E2,1.003871994E3
6.213361461E2,1.003863297E3
6.223367231E2,1.003858032E3
6.233372921E2,1.003856354E3
6.243378701E2,1.003847580E3
6.253384471E2,1.003847580E3
6.263390231E2,1.003845673E3
6.273395991E2,1.003843918E3
6.283401761E2,1.003843918E3
6.293407511E2,1.003846817E3
6.303413291E2,1.003846817E3
6.313419101E2,1.003847275E3
6.323424791E2,1.003845520E3
6.333430531E2,1.003843994E3
6.343436301E2,1.003838348E3
6.353442051E2,1.003831635E3
6.363447821E2,1.003828278E3
6.373453581E2,1.003819122E3
6.383459381E2,1.003819122E3
6.393465141E2,1.003822021E3
6.403470901E2,1.003823853E3
6.413476651E2,1.003825989E3
6.423482421E2,1.003833160E3
6.433488191E2,1.003833160E3
6.443493971E2,1.003826141E3
6.453499711E2,1.003825302E3
6.463505471E2,1.003822556E3
6.473515461E2,1.003822403E3
6.483516991E2,1.003822403E3
6.493522771E2,1.003835220E3
6.503528511E2,1.003843613E3
6.513534331E2,1.003850861E3
6.523540071E2,1.003857727E3
6.533545841E2,1.003864746E3
6.543551591E2,1.003865356E3
6.553557321E2,1.003867950E3
6.563563071E2,1.003869171E3
6.573568851E2,1.003869171E3
6.583574611E2,1.003869171E3
6.593580401E2,1.003868561E3
6.603586181E2,1.003868561E3
6.613591901E2,1.003869324E3
6.623597661E2,1.003869324E3
6.633603451E2,1.003868484E3
6.643609241E2,1.003863525E3
6.653614931E2,1.003857193E3
6.663620721E2,1.003847580E3
6.673626531E2,1.003834381E3
6.683632251E2,1.003816986E3
6.693638001E2,1.003816605E3
6.703643721E2,1.003816605E3
6.713649531E2,1.003828049E3
6.723655331E2,1.003841553E3
6.733661101E2,1.003871307E3
6.743666801E2,1.003895721E3
6.753672571E2,1.003903656E3
6.763681761E2,1.003908386E3
6.773684101E2,1.003911972E3
6.783689861E2,1.003912354E3
6.793695601E2,1.003912964E3
6.803701351E2,1.003916779E3
6.813707141E2,1.003921509E3
6.823712911E2,1.003921509E3
6.833718671E2,1.003919601E3
6.843724451E2,1.003915939E3
6.853730961E2,1.003908463E3
6.863735951E2,1.003899155E3
6.873741721E2,1.003892288E3
6.883747511E2,1.003888168E3
6.893753241E2,1.003877869E3
6.903758991E2,1.003875427E3
6.913764791E2,1.003871994E3
6.923770551E2,1.003866348E3
6.933776331E2,1.003863678E3
6.943782041E2,1.003862534E3
6.953787791E2,1.003857956E3
6.963793591E2,1.003854599E3
6.973799291E2,1.003852386E3
6.983805101E2,1.003854599E3
6.993810891E2,1.003854904E3
7.003816651E2,1.003856049E3
7.013824031E2,1.003867950E3
7.023828191E2,1.003874893E3
7.033833871E2,1.003881607E3
7.043839651E2,1.003890228E3
7.053845441E2,1.003891754E3
7.063851241E2,1.003891754E3
7.073856941E2,1.003890457E3
7.083862721E2,1.003889160E3
7.093868561E2,1.003887787E3
7.103874281E2,1.003887787E3
7.113880001E2,1.003887634E3
7.123885791E2,1.003887634E3
7.133891531E2,1.003887634E3
7.143897311E2,1.003887558E3
7.153903061E2,1.003886032E3
7.163908801E2,1.003879700E3
7.173914541E2,1.003869781E3
7.183920371E2,1.003857040E3
7.193926091E2,1.003842697E3
7.203931861E2,1.003826752E3
7.213937661E2,1.003821487E3
7.223943391E2,1.003816833E3
7.233949161E2,1.003815384E3
7.243954921E2,1.003812561E3
7.253960661E2,1.003812561E3
7.263966441E2,1.003816910E3
7.273972191E2,1.003818207E3
7.283977991E2,1.003818207E3
7.293983731E2,1.003826752E3
7.303989511E2,1.003830719E3
7.313995261E2,1.003833084E3
7.324001011E2,1.003838959E3
7.334006751E2,1.003849411E3
7.344012521E2,1.003856583E3
7.354018291E2,1.003863525E3
7.364024061E2,1.003869019E3
7.374029791E2,1.003870316E3
7.384035571E2,1.003871918E3
7.394041331E2,1.003872452E3
7.404047111E2,1.003875961E3
7.414052911E2,1.003876038E3
7.424058611E2,1.003878708E3
7.434064401E2,1.003880310E3
7.444070161E2,1.003880310E3
7.454075991E2,1.003880310E3
7.464081711E2,1.003882141E3
7.474087421E2,1.003882370E3
7.484093191E2,1.003882675E3
7.494098941E2,1.003882370E3
7.504104731E2,1.003879700E3
7.514110481E2,1.003872223E3
7.524116281E2,1.003867798E3
7.534122021E2,1.003859558E3
7.544130651E2,1.003857498E3
7.554133561E2,1.003856964E3
7.564139311E2,1.003852158E3
7.574145071E2,1.003847198E3
7.584150821E2,1.003841705E3
7.594156591E2,1.003836517E3
7.604162331E2,1.003836517E3
7.614170731E2,1.003839417E3
7.624173871E2,1.003842621E3
7.634179591E2,1.003853226E3
7.644185371E2,1.003865051E3
7.654191141E2,1.003872375E3
7.664196961E2,1.003881073E3
7.674202671E2,1.003894577E3
7.684212971E2,1.003898697E3
7.694214181E2,1.003903198E3
7.704219991E2,1.003907089E3
7.714225771E2,1.003913345E3
7.724231481E2,1.003913345E3
7.734237251E2,1.003916168E3
7.744243011E2,1.003916168E3
7.754248821E2,1.003915405E3
7.764254551E2,1.003910599E3
7.774260321E2,1.003909988E3
7.784266031E2,1.003905792E3
7.794271871E2,1.003902588E3
7.804277601E2,1.003902588E3
7.814283361E2,1.003902359E3
7.824289171E2,1.003890457E3
7.834294881E2,1.003883896E3
7.844300621E2,1.003875732E3
7.854306431E2,1.003863297E3
7.864312181E2,1.003850632E3
7.874317931E2,1.003845825E3
7.884323741E2,1.003838654E3
7.894329611E2,1.003835144E3
7.904335211E2,1.003829193E3
7.914341021E2,1.003821793E3
7.924346711E2,1.003821793E3
7.934352511E2,1.003821793E3
7.944358241E2,1.003813171E3
7.954364041E2,1.003813171E3
7.964371021E2,1.003813095E3
7.974375591E2,1.003811646E3
7.984381321E2,1.003807373E3
7.994387121E2,1.003807373E3
8.004392851E2,1.003815842E3
8.014398621E2,1.003820038E3
8.024404401E2,1.003827896E3
8.034410141E2,1.003837433E3
8.044415921E2,1.003842850E3
8.054421681E2,1.003843307E3
8.064427391E2,1.003847885E3
8.074433151E2,1.003848724E3
8.084439771E2,1.003849945E3
8.094444741E2,1.003860321E3
8.104450461E2,1.003865356E3
8.114456211E2,1.003866119E3
8.124462051E2,1.003866501E3
8.134467801E2,1.003866501E3
8.144473581E2,1.003860397E3
8.154480421E2,1.003856888E3
8.164485101E2,1.003855515E3
8.174490821E2,1.003845291E3
8.184496541E2,1.003835907E3
8.194502351E2,1.003828659E3
8.204508181E2,1.003820801E3
8.214513901E2,1.003817444E3
8.224519651E2,1.003816528E3
8.234525381E2,1.003817444E3
8.244531151E2,1.003818130E3
8.254536941E2,1.003819885E3
8.264542611E2,1.003822861E3
8.274548461E2,1.003822861E3
8.284554311E2,1.003822861E3
8.294559971E2,1.003822098E3
8.304565691E2,1.003818359E3
8.314571511E2,1.003815689E3
8.324577331E2,1.003814850E3
8.334583061E2,1.003812943E3
8.344588781E2,1.003812943E3
8.354594541E2,1.003813019E3
8.364602291E2,1.003814392E3
8.374606081E2,1.003817978E3
8.384611791E2,1.003822403E3
8.394617541E2,1.003826065E3
8.404623391E2,1.003829575E3
8.414629131E2,1.003831100E3
8.424634911E2,1.003831100E3
8.434640611E2,1.003831100E3
8.444646371E2,1.003832474E3
8.454652121E2,1.003832855E3
8.464657971E2,1.003832855E3
8.474663651E2,1.003832626E3
8.484669481E2,1.003832245E3
8.494675311E2,1.003829803E3
8.504680981E2,1.003829803E3
8.514686791E2,1.003829041E3
8.524692521E2,1.003828506E3
8.534698271E2,1.003824921E3
8.544704071E2,1.003821411E3
8.554709801E2,1.003816681E3
8.564715571E2,1.003813248E3
8.574721321E2,1.003810654E3
8.584727111E2,1.003806763E3
8.594732841E2,1.003806763E3
8.604739301E2,1.003806763E3
8.614744391E2,1.003805313E3
8.624750141E2,1.003804855E3
8.634755901E2,1.003803787E3
8.644761691E2,1.003803329E3
8.654767441E2,1.003802795E3
8.664773231E2,1.003802795E3
8.674778971E2,1.003804016E3
8.684784691E2,1.003804016E3
8.694790461E2,1.003803482E3
8.704796231E2,1.003799820E3
8.714802031E2,1.003799820E3
8.724807781E2,1.003802414E3
8.734813501E2,1.003804703E3
8.744819261E2,1.003812332E3
8.754825061E2,1.003823318E3
8.764830831E2,1.003828201E3
8.774836581E2,1.003829041E3
8.784842331E2,1.003829651E3
8.794848101E2,1.003829651E3
8.804853861E2,1.003828888E3
8.814859621E2,1.003828583E3
8.824865391E2,1.003828583E3
8.834871181E2,1.003829117E3
8.844876931E2,1.003829117E3
8.854882681E2,1.003822937E3
8.864888471E2,1.003818970E3
8.874894221E2,1.003817139E3
8.884899991E2,1.003813324E3
8.894905721E2,1.003810120E3
8.904911521E2,1.003808289E3
8.914921821E2,1.003806229E3
8.924923001E2,1.003799667E3
8.934928831E2,1.003792801E3
8.944934551E2,1.003787537E3
8.954940321E2,1.003782578E3
8.964946071E2,1.003779526E3
8.974951821E2,1.003779144E3
8.984957621E2,1.003777847E3
8.994963381E2,1.003777847E3
9.004969191E2,1.003781891E3
9.014974921E2,1.003782425E3
9.024980711E2,1.003784790E3
9.034986551E2,1.003792114E3
9.044992231E2,1.003798447E3
9.054997961E2,1.003802490E3
9.065003721E2,1.003808975E3
9.075009461E2,1.003815231E3
9.085015251E2,1.003818436E3
9.095021031E2,1.003820648E3
9.105026801E2,1.003820953E3
9.115032551E2,1.003820953E3
9.125038321E2,1.003820419E3
9.135044121E2,1.003816223E3
9.145049841E2,1.003807144E3
9.155055631E2,1.003804703E3
9.165061361E2,1.003803024E3
9.175067141E2,1.003800964E3
9.185072951E2,1.003800964E3
9.195078711E2,1.003804016E3
9.205084501E2,1.003804474E3
9.215090141E2,1.003804474E3
9.225095961E2,1.003802109E3
9.235101711E2,1.003799744E3
9.245107471E2,1.003794632E3
9.255113251E2,1.003794632E3
9.265119011E2,1.003794937E3
9.275124821E2,1.003796692E3
9.285130541E2,1.003797455E3
9.295136301E2,1.003797455E3
9.305142111E2,1.003793564E3
9.315147771E2,1.003793564E3
9.325153601E2,1.003797379E3
9.335159371E2,1.003798523E3
9.345165111E2,1.003807144E3
9.355170881E2,1.003820190E3
9.365176641E2,1.003826752E3
9.375182431E2,1.003828735E3
9.385188231E2,1.003834381E3
9.395193971E2,1.003838196E3
9.405199681E2,1.003838348E3
9.415205441E2,1.003839645E3
9.425211221E2,1.003840256E3
9.435217021E2,1.003840256E3
9.445222751E2,1.003839340E3
9.455228521E2,1.003834839E3
9.465234321E2,1.003834305E3
9.475240001E2,1.003834152E3
9.485245801E2,1.003833389E3
9.495251551E2,1.003832932E3
9.505257321E2,1.003832550E3
9.515263081E2,1.003832092E3
9.525268841E2,1.003832092E3
9.535278531E2,1.003837280E3
9.545280411E2,1.003842239E3
9.555286161E2,1.003852692E3
9.565291941E2,1.003859863E3
9.575297741E2,1.003864670E3
9.585303441E2,1.003869629E3
9.595309211E2,1.003871841E3
9.605315011E2,1.003871841E3
9.615320751E2,1.003868332E3
9.625326581E2,1.003866882E3
9.635332271E2,1.003866577E3
9.645338061E2,1.003864670E3
9.655343811E2,1.003863373E3
9.665349561E2,1.003863373E3
9.675355341E2,1.003864212E3
9.685361091E2,1.003864212E3
9.695366841E2,1.003863297E3
9.705372611E2,1.003860931E3
9.715378381E2,1.003860245E3
9.725384151E2,1.003859100E3
9.735389921E2,1.003858948E3
9.745399741E2,1.003858948E3
9.755401451E2,1.003863831E3
9.765407241E2,1.003870087E3
9.775413011E2,1.003875732E3
9.785418751E2,1.003881683E3
9.795424531E2,1.003889084E3
9.805430331E2,1.003893051E3
9.815438131E2,1.003894043E3
9.825441831E2,1.003894501E3
9.835447591E2,1.003898697E3
9.845453381E2,1.003899460E3
9.855459111E2,1.003899765E3
9.865464851E2,1.003899765E3
9.875470621E2,1.003899765E3
9.885477361E2,1.003901520E3
9.895482121E2,1.003899002E3
9.905487891E2,1.003898773E3
9.915493691E2,1.003887558E3
9.925499481E2,1.003880005E3
9.935505241E2,1.003870163E3
9.945511021E2,1.003861923E3
9.955521071E2,1.003849564E3
9.965522481E2,1.003846664E3
9.975528261E2,1.003838654E3
9.985534021E2,1.003828125E3
9.995539831E2,1.003825989E3
1.000554557E3,1.003824844E3
1.001555135E3,1.003824844E3
1.002555708E3,1.003823853E3
1.003556288E3,1.003822784E3
1.004556863E3,1.003818130E3
1.005557438E3,1.003818130E3
1.006558016E3,1.003818817E3
1.007558592E3,1.003823013E3
1.008559164E3,1.003823776E3
1.009559742E3,1.003823776E3
1.010560317E3,1.003819046E3
1.011560895E3,1.003814087E3
1.012561471E3,1.003810883E3
1.013562050E3,1.003806458E3
1.014562629E3,1.003805923E3
1.015563198E3,1.003805923E3
1.016564151E3,1.003808289E3
1.017564355E3,1.003811340E3
1.018564930E3,1.003815079E3
1.019565507E3,1.003815079E3
1.020566084E3,1.003810806E3
1.021566664E3,1.003806000E3
1.022567235E3,1.003803940E3
1.023567933E3,1.003803940E3
1.024568391E3,1.003803940E3
1.025568971E3,1.003803177E3
1.026569550E3,1.003803177E3
1.027570118E3,1.003802795E3
1.028570698E3,1.003802795E3
1.029571273E3,1.003801727E3
1.030572212E3,1.003803101E3
1.031572426E3,1.003802795E3
1.032573001E3,1.003802795E3
1.033573579E3,1.003802795E3
1.034574157E3,1.003803101E3
1.035574729E3,1.003803558E3
1.036575307E3,1.003806915E3
1.037575886E3,1.003809814E3
1.038576463E3,1.003813629E3
1.039577505E3,1.003816071E3
1.040577611E3,1.003822250E3
1.041578194E3,1.003823013E3
1.042578770E3,1.003826447E3
1.043579342E3,1.003830872E3
1.044579915E3,1.003836670E3
1.045580499E3,1.003838196E3
1.046581070E3,1.003838577E3
1.047581650E3,1.003838196E3
1.048582223E3,1.003835220E3
1.049582809E3,1.003833160E3
1.050583375E3,1.003831177E3
1.051583955E3,1.003826599E3
1.052584534E3,1.003824234E3
1.053585106E3,1.003824234E3
1.054585685E3,1.003825150E3
1.055586264E3,1.003825836E3
1.056586835E3,1.003826447E3
1.057587409E3,1.003826447E3
1.058587986E3,1.003826447E3
1.059588564E3,1.003824921E3
1.060589136E3,1.003817596E3
1.061589714E3,1.003817596E3
1.062590294E3,1.003818359E3
1.063590872E3,1.003818359E3
1.064591441E3,1.003820724E3
1.065592024E3,1.003823090E3
1.066592601E3,1.003823090E3
1.067593180E3,1.003817749E3
1.068593749E3,1.003806534E3
1.069594325E3,1.003800125E3
1.070594908E3,1.003797684E3
1.071595480E3,1.003791885E3
1.072596058E3,1.003788681E3
1.073596630E3,1.003783569E3
1.074597206E3,1.003784561E3
1.075597783E3,1.003784561E3
1.076598363E3,1.003786621E3
1.077598939E3,1.003786774E3
1.078599516E3,1.003786774E3
1.079600092E3,1.003779984E3
1.080600669E3,1.003775558E3
1.081601247E3,1.003771744E3
1.082601819E3,1.003771744E3
1.083602394E3,1.003771973E3
1.084602974E3,1.003782883E3
1.085603552E3,1.003794556E3
1.086604125E3,1.003804016E3
1.087604698E3,1.003811035E3
1.088605277E3,1.003819122E3
1.089606152E3,1.003822327E3
1.090606429E3,1.003823090E3
1.091607008E3,1.003823090E3
1.092607586E3,1.003822327E3
1.093608158E3,1.003818130E3
1.094608735E3,1.003815994E3
1.095609313E3,1.003813324E3
1.096609953E3,1.003810501E3
1.097610465E3,1.003810043E3
1.098611044E3,1.003810043E3
1.099611617E3,1.003806534E3
1.100612193E3,1.003804092E3
1.101612772E3,1.003802109E3
1.102613345E3,1.003796921E3
1.103613923E3,1.003794250E3
1.104614498E3,1.003793182E3
1.105615076E3,1.003793182E3
1.106615656E3,1.003798676E3
1.107616234E3,1.003805008E3
1.108616811E3,1.003810883E3
1.109617384E3,1.003820038E3
1.110617954E3,1.003825455E3
1.111618536E3,1.003828964E3
1.112619107E3,1.003830414E3
1.113619689E3,1.003832779E3
1.114620267E3,1.003832779E3
1.115620849E3,1.003824310E3
1.116621418E3,1.003824310E3
1.117621992E3,1.003824387E3
1.118622571E3,1.003824615E3
1.119623149E3,1.003824615E3
1.120623726E3,1.003835068E3
1.121624302E3,1.003837814E3
1.122624876E3,1.003839035E3
1.123625455E3,1.003838806E3
1.124626033E3,1.003838806E3
1.125626607E3,1.003837738E3
1.126627185E3,1.003836899E3
1.127627764E3,1.003836670E3
1.128628550E3,1.003836670E3
1.129628915E3,1.003832169E3
1.130629485E3,1.003829117E3
1.131630067E3,1.003826904E3
1.132630645E3,1.003822708E3
1.133631220E3,1.003822708E3
1.134631799E3,1.003823700E3
1.135632373E3,1.003827133E3
1.136632951E3,1.003832932E3
1.137633522E3,1.003835449E3
1.138634101E3,1.003835449E3
1.139634676E3,1.003832932E3
1.140635255E3,1.003824997E3
1.141635828E3,1.003816681E3
1.142636403E3,1.003813095E3
1.143636980E3,1.003809204E3
1.144637560E3,1.003806076E3
1.145638136E3,1.003805161E3
1.146638709E3,1.003804932E3
1.147639281E3,1.003802948E3
1.148639866E3,1.003802872E3
1.149640440E3,1.003802643E3
1.150641014E3,1.003802032E3
1.151641590E3,1.003799896E3
1.152642167E3,1.003797760E3
1.153642742E3,1.003796921E3
1.154643324E3,1.003794937E3
1.155643893E3,1.003794403E3
1.156644472E3,1.003793182E3
1.157645046E3,1.003790512E3
1.158645624E3,1.003786926E3
1.159646200E3,1.003783035E3
1.160646778E3,1.003780823E3
1.161647355E3,1.003780823E3
1.162647932E3,1.003780975E3
1.163648506E3,1.003784103E3
1.164649085E3,1.003785019E3
1.165649667E3,1.003786240E3
1.166650236E3,1.003785019E3
1.167650814E3,1.003783875E3
1.168651391E3,1.003783112E3
1.169651965E3,1.003781281E3
1.170652543E3,1.003781281E3
1.171653117E3,1.003784103E3
1.172653698E3,1.003785248E3
1.173654270E3,1.003788986E3
1.174654847E3,1.003790512E3
1.175655429E3,1.003790512E3
1.176655999E3,1.003790283E3
1.177656579E3,1.003789444E3
1.178657153E3,1.003788376E3
1.179657736E3,1.003788376E3
1.180658311E3,1.003789444E3
1.181658880E3,1.003789749E3
1.182659459E3,1.003789749E3
1.183660038E3,1.003787766E3
1.184660744E3,1.003782578E3
1.185661188E3,1.003779068E3
1.186661765E3,1.003775711E3
1.187662342E3,1.003771667E3
1.188662920E3,1.003768616E3
1.189663494E3,1.003765106E3
1.190664068E3,1.003763885E3
1.191664656E3,1.003763275E3
1.192665223E3,1.003762970E3
1.193665796E3,1.003756485E3
1.194666378E3,1.003753128E3
1.195667249E3,1.003746796E3
1.196667533E3,1.003743057E3
1.197668104E3,1.003739014E3
1.198668688E3,1.003738861E3
1.199669264E3,1.003739014E3
1.200669833E3,1.003738861E3
1.201670411E3,1.003738708E3
1.202670989E3,1.003729706E3
1.203671565E3,1.003725357E3
1.204672148E3,1.003725052E3
1.205672721E3,1.003725052E3
1.206673297E3,1.003729477E3
1.207673874E3,1.003743134E3
1.208674449E3,1.003751678E3
1.209675018E3,1.003756866E3
1.210675599E3,1.003759842E3
1.211676176E3,1.003768997E3
1.212676754E3,1.003774338E3
1.213677451E3,1.003777008E3
1.214677904E3,1.003781738E3
1.215678486E3,1.003781738E3
1.216679057E3,1.003776932E3
1.217679631E3,1.003776932E3
1.218680211E3,1.003776932E3
1.219680790E3,1.003777161E3
1.220681367E3,1.003781281E3
1.221681944E3,1.003781281E3
1.222682551E3,1.003779831E3
1.223683090E3,1.003777542E3
1.224683669E3,1.003777542E3
1.225684247E3,1.003777542E3
1.226684822E3,1.003777771E3
1.227685399E3,1.003777771E3
1.228685979E3,1.003780518E3
1.229686551E3,1.003781433E3
1.230687123E3,1.003782425E3
1.231687700E3,1.003782883E3
1.232688280E3,1.003782883E3
1.233688860E3,1.003780136E3
1.234689432E3,1.003776398E3
1.235690012E3,1.003772278E3
1.236690587E3,1.003768158E3
1.237691159E3,1.003760681E3
1.238691736E3,1.003754501E3
1.239692316E3,1.003754501E3
1.240692886E3,1.003755646E3
1.241693468E3,1.003757172E3
1.242694275E3,1.003762436E3
1.243694620E3,1.003770142E3
1.244695194E3,1.003770828E3
1.245695776E3,1.003771591E3
1.246696347E3,1.003774567E3
1.247696924E3,1.003777924E3
1.248697505E3,1.003782120E3
1.249698081E3,1.003786469E3
1.250698652E3,1.003796539E3
1.251699233E3,1.003807068E3
1.252699808E3,1.003818436E3
1.253700382E3,1.003830490E3
1.254700959E3,1.003842621E3
1.255701537E3,1.003850937E3
1.256702111E3,1.003853836E3
1.257702689E3,1.003855438E3
1.258703261E3,1.003855972E3
1.259703841E3,1.003855972E3
1.260704414E3,1.003855667E3
1.261704989E3,1.003855667E3
1.262706001E3,1.003856812E3
1.263706144E3,1.003858337E3
1.264706720E3,1.003858337E3
1.265707302E3,1.003857498E3
1.266707877E3,1.003854980E3
1.267708452E3,1.003854904E3
1.268709028E3,1.003852921E3
1.269709601E3,1.003852005E3
1.271845896E3,1.003838196E3
1.272846475E3,1.003835297E3
1.273847051E3,1.003832626E3
1.274847627E3,1.003832397E3
1.275848609E3,1.003830490E3
1.276848783E3,1.003830490E3
1.277399733E3,1.003830490E3
1.278400305E3,1.003830643E3
1.279401094E3,1.003833313E3
1.280401455E3,1.003837814E3
1.281402037E3,1.003839111E3
1.282402610E3,1.003839874E3
1.283403187E3,1.003840942E3
1.284403760E3,1.003840942E3
1.285404340E3,1.003840637E3
1.286404920E3,1.003840637E3
1.287405494E3,1.003843842E3
1.288406454E3,1.003845596E3
1.289406649E3,1.003848190E3
1.290407225E3,1.003849182E3
1.291407804E3,1.003849182E3
1.292408380E3,1.003849182E3
1.293408959E3,1.003848572E3
1.294409531E3,1.003849335E3
1.295410110E3,1.003849335E3
1.296410681E3,1.003857193E3
1.297411491E3,1.003862839E3
1.298411837E3,1.003868103E3
1.299412415E3,1.003877106E3
1.300412990E3,1.003884964E3
1.301413568E3,1.003887863E3
1.302414143E3,1.003888397E3
1.303414722E3,1.003891907E3
1.304415299E3,1.003893127E3
1.305415874E3,1.003899612E3
1.306416449E3,1.003910217E3
1.307417028E3,1.003929901E3
1.308417603E3,1.003943405E3
1.309418179E3,1.003956528E3
1.310418762E3,1.003961716E3
1.311419331E3,1.003961716E3
1.312419911E3,1.003942947E3
1.313420487E3,1.003936234E3
1.314421061E3,1.003927307E3
1.315421989E3,1.003917770E3
1.316422216E3,1.003914948E3
1.317422791E3,1.003914337E3
1.318423368E3,1.003914337E3
1.319423944E3,1.003910370E3
1.320424517E3,1.003910370E3
1.321425098E3,1.003914795E3
1.322425676E3,1.003919525E3
1.323426253E3,1.003920059E3
1.324426831E3,1.003922195E3
1.325427402E3,1.003922195E3
1.326427977E3,1.003917542E3
1.327428559E3,1.003908005E3
1.328429132E3,1.003898926E3
1.329429711E3,1.003896027E3
1.330430290E3,1.003892746E3
1.331430856E3,1.003892746E3
1.332431439E3,1.003894730E3
1.333432016E3,1.003894730E3
1.334432593E3,1.003891449E3
1.335433592E3,1.003891449E3
1.336433746E3,1.003891525E3
1.337434321E3,1.003891525E3
1.338434896E3,1.003889847E3
1.339435468E3,1.003888168E3
1.340436044E3,1.003883667E3
1.341436625E3,1.003875122E3
1.342437197E3,1.003866806E3
1.343437779E3,1.003858871E3
1.344438355E3,1.003853226E3
1.345438932E3,1.003848572E3
1.346439507E3,1.003844528E3
1.347440085E3,1.003840256E3
1.348440655E3,1.003839645E3
1.349441236E3,1.003839645E3
1.350441812E3,1.003840332E3
1.351442386E3,1.003840714E3
1.352442961E3,1.003842163E3
1.353443541E3,1.003842621E3
1.354444117E3,1.003845901E3
1.355444693E3,1.003848495E3
1.356445267E3,1.003854523E3
1.357445844E3,1.003860855E3
1.358446421E3,1.003868561E3
1.359446999E3,1.003873825E3
1.360447578E3,1.003878479E3
1.361448150E3,1.003884430E3
1.362449046E3,1.003888016E3
1.363449301E3,1.003890381E3
1.364449880E3,1.003891373E3
1.365450456E3,1.003892441E3
1.366451030E3,1.003892593E3
1.367451615E3,1.003896561E3
1.368452184E3,1.003900757E3
1.369452761E3,1.003901596E3
1.370453343E3,1.003901672E3
1.371453920E3,1.003901672E3
1.372454491E3,1.003899536E3
1.373455214E3,1.003898163E3
1.374455641E3,1.003897552E3
1.375456219E3,1.003897171E3
1.376456793E3,1.003894196E3
1.377457373E3,1.003893356E3
1.378457947E3,1.003892059E3
1.379458527E3,1.003889084E3
1.380459103E3,1.003886337E3
1.381459680E3,1.003881073E3
1.382460252E3,1.003877106E3
1.383460831E3,1.003873291E3
1.384461753E3,1.003869934E3
1.385461990E3,1.003869476E3
1.386462557E3,1.003869476E3
1.387463134E3,1.003871613E3
1.388463714E3,1.003871613E3
1.389464285E3,1.003871613E3
1.390464864E3,1.003871078E3
1.391465441E3,1.003871078E3
1.392466023E3,1.003871155E3
1.393466594E3,1.003873215E3
1.394467174E3,1.003878632E3
1.395467745E3,1.003883972E3
1.396468322E3,1.003886948E3
1.397468904E3,1.003888397E3
1.398469480E3,1.003890610E3
1.399470055E3,1.003890610E3
1.400470631E3,1.003890152E3
1.401471204E3,1.003888855E3
1.402471781E3,1.003884354E3
1.403472361E3,1.003880234E3
1.404472937E3,1.003878250E3
1.405473512E3,1.003878250E3
1.406474091E3,1.003879700E3
1.407474665E3,1.003882446E3
1.408475245E3,1.003883972E3
1.409475818E3,1.003887711E3
1.410476396E3,1.003889694E3
1.411476968E3,1.003889694E3
1.412477547E3,1.003889313E3
1.413478125E3,1.003888550E3
1.414478703E3,1.003887100E3
1.415479276E3,1.003884277E3
1.416479850E3,1.003884277E3
1.417480432E3,1.003884430E3
1.418481010E3,1.003885956E3
1.419481587E3,1.003887405E3
1.420482163E3,1.003889847E3
1.421483175E3,1.003891220E3
1.422483317E3,1.003891525E3
1.423483889E3,1.003891525E3
1.424484466E3,1.003890381E3
1.425485045E3,1.003890381E3
1.426485622E3,1.003891525E3
1.427486195E3,1.003895416E3
1.428486775E3,1.003895569E3
1.429487349E3,1.003899536E3
1.430487928E3,1.003899536E3
1.431488510E3,1.003896713E3
1.432489083E3,1.003891220E3
1.433489657E3,1.003885498E3
1.434490366E3,1.003877945E3
1.435490806E3,1.003872452E3
1.436491386E3,1.003870010E3
1.437491958E3,1.003870010E3
1.438492532E3,1.003873672E3
1.439493112E3,1.003874130E3
1.440493690E3,1.003874130E3
1.441494269E3,1.003869019E3
1.442494842E3,1.003859634E3
1.443495424E3,1.003845978E3
1.444495998E3,1.003835678E3
1.445496575E3,1.003828659E3
1.446497155E3,1.003824692E3
1.447497725E3,1.003824692E3
1.448498306E3,1.003826828E3
1.449498878E3,1.003829193E3
1.450499455E3,1.003829956E3
1.451500034E3,1.003831253E3
1.452500609E3,1.003831558E3
1.453501190E3,1.003832855E3
1.454501764E3,1.003838730E3
1.455502346E3,1.003841629E3
1.456502919E3,1.003845901E3
1.457503496E3,1.003847580E3
1.458504072E3,1.003847580E3
1.459504647E3,1.003845901E3
1.460505222E3,1.003845749E3
1.461505799E3,1.003842850E3
1.462506379E3,1.003842850E3
1.463506952E3,1.003845901E3
1.464507531E3,1.003850632E3
1.465508110E3,1.003858719E3
1.466508688E3,1.003870544E3
1.467509261E3,1.003883972E3
1.468509838E3,1.003893814E3
1.469510415E3,1.003901291E3
1.470510991E3,1.003906479E3
1.471511569E3,1.003913193E3
1.472512152E3,1.003915710E3
1.473512722E3,1.003917770E3
1.474513299E3,1.003919678E3
1.475513875E3,1.003920746E3
1.476514451E3,1.003920746E3
1.477515359E3,1.003919907E3
1.478515604E3,1.003919907E3
1.479516177E3,1.003920975E3
1.480516759E3,1.003921204E3
1.481517334E3,1.003923264E3
1.482517912E3,1.003923264E3
1.483518487E3,1.003923645E3
1.484519065E3,1.003923874E3
1.485519644E3,1.003924026E3
1.486520214E3,1.003924026E3
1.487520792E3,1.003922882E3
1.488521370E3,1.003922501E3
1.489521947E3,1.003920670E3
1.490522524E3,1.003918991E3
1.491523095E3,1.003918381E3
1.492523860E3,1.003918152E3
1.493524251E3,1.003918152E3
1.494524827E3,1.003918152E3
1.495525401E3,1.003915482E3
1.496525979E3,1.003910980E3
1.497526556E3,1.003910675E3
1.498527129E3,1.003910675E3
1.499527706E3,1.003908615E3
1.500528284E3,1.003908615E3
1.501528860E3,1.003914795E3
1.502529437E3,1.003922043E3
1.503530019E3,1.003922272E3
1.504530589E3,1.003923340E3
1.505531166E3,1.003923340E3
1.506531739E3,1.003918152E3
1.507532762E3,1.003906784E3
1.508532892E3,1.003904572E3
1.509533473E3,1.003904572E3
1.510534055E3,1.003906479E3
1.511534623E3,1.003912964E3
1.512535199E3,1.003917236E3
1.513535779E3,1.003920135E3
1.514536347E3,1.003920135E3
1.515536926E3,1.003918381E3
1.516537502E3,1.003910294E3
1.517538083E3,1.003904114E3
1.518538655E3,1.003898621E3
1.519539232E3,1.003896484E3
1.520539805E3,1.003898621E3
1.521540378E3,1.003900528E3
1.522540958E3,1.003904877E3
1.523541538E3,1.003904877E3
1.524542111E3,1.003904190E3
1.525542685E3,1.003900833E3
1.526543264E3,1.003898239E3
1.527543840E3,1.003897324E3
1.528544414E3,1.003885422E3
1.529544994E3,1.003871536E3
1.530545569E3,1.003847427E3
1.531546146E3,1.003814850E3
1.532546726E3,1.003783493E3
1.533547296E3,1.003755646E3
1.534547872E3,1.003727646E3
1.535548444E3,1.003718338E3
1.536549028E3,1.003709030E3
1.537549598E3,1.003702698E3
1.538550179E3,1.003701630E3
1.539551032E3,1.003700180E3
1.540551333E3,1.003696671E3
1.541551905E3,1.003699265E3
1.542552482E3,1.003699265E3
1.543553058E3,1.003700790E3
1.544553634E3,1.003705063E3
1.545554210E3,1.003705063E3
1.546554787E3,1.003704529E3
1.547555362E3,1.003704300E3
1.548555939E3,1.003704300E3
1.549556519E3,1.003706894E3
1.550557093E3,1.003712082E3
1.551557673E3,1.003716125E3
1.552558243E3,1.003727112E3
1.553558821E3,1.003729324E3
1.554559397E3,1.003731766E3
1.555559977E3,1.003731766E3
1.556560552E3,1.003731689E3
1.557561130E3,1.003731079E3
1.558561700E3,1.003728790E3
1.559562281E3,1.003720856E3
1.560562853E3,1.003708038E3
1.561563430E3,1.003698425E3
1.562564006E3,1.003692322E3
1.563564579E3,1.003688431E3
1.564565157E3,1.003685455E3
1.565566092E3,1.003685455E3
1.566566311E3,1.003689575E3
1.567566885E3,1.003689575E3
1.568567463E3,1.003685608E3
1.569568040E3,1.003685608E3
1.570568615E3,1.003688660E3
1.571569188E3,1.003690720E3
1.572569765E3,1.003692627E3
1.573570342E3,1.003693314E3
1.574570922E3,1.003694153E3
1.575571500E3,1.003694153E3
1.576572069E3,1.003691254E3
1.577572648E3,1.003688126E3
1.578573573E3,1.003684464E3
1.579573804E3,1.003684082E3
1.580574382E3,1.003683853E3
1.581574954E3,1.003683853E3
1.582575532E3,1.003685150E3
1.583576102E3,1.003685303E3
1.584576683E3,1.003686752E3
1.585577258E3,1.003686752E3
1.586577833E3,1.003682785E3
1.587578412E3,1.003682785E3
1.588578983E3,1.003684616E3
1.589579562E3,1.003685760E3
1.590580139E3,1.003685760E3
1.591580758E3,1.003684082E3
1.592581291E3,1.003680191E3
1.593581870E3,1.003676834E3
1.594582445E3,1.003676300E3
1.595583023E3,1.003676834E3
1.596583596E3,1.003681030E3
1.597584173E3,1.003684082E3
1.598584750E3,1.003692245E3
1.599585328E3,1.003693085E3
1.600585900E3,1.003698273E3
1.601586478E3,1.003701172E3
1.602587054E3,1.003702850E3
1.603587631E3,1.003702316E3
1.604588209E3,1.003702850E3
1.605588779E3,1.003702316E3
1.606589569E3,1.003703766E3
1.607589935E3,1.003709793E3
1.608590510E3,1.003713913E3
1.609591087E3,1.003718185E3
1.610591663E3,1.003725128E3
1.611592240E3,1.003731766E3
1.612592812E3,1.003732529E3
1.613593390E3,1.003739700E3
1.614593969E3,1.003744202E3
1.615594546E3,1.003744507E3
1.616595124E3,1.003744202E3
1.617595701E3,1.003742981E3
1.618596272E3,1.003737793E3
1.619596851E3,1.003730850E3
1.620597423E3,1.003726883E3
1.621598003E3,1.003722687E3
1.622598581E3,1.003722687E3
1.623599439E3,1.003722839E3
1.624599729E3,1.003723984E3
1.625600309E3,1.003723984E3
1.626600881E3,1.003722534E3
1.627601460E3,1.003718567E3
1.628602038E3,1.003711548E3
1.629602614E3,1.003704529E3
1.630603190E3,1.003701935E3
1.631603766E3,1.003699417E3
1.632604341E3,1.003697205E3
1.633604917E3,1.003697205E3
1.634605501E3,1.003699493E3
1.635606075E3,1.003699493E3
1.636606646E3,1.003698578E3
1.637607223E3,1.003698578E3
1.638607806E3,1.003700409E3
1.639608378E3,1.003702850E3
1.640608951E3,1.003702850E3
1.641609534E3,1.003702393E3
1.642610104E3,1.003702011E3
1.643610681E3,1.003702011E3
1.644611260E3,1.003700714E3
1.645611833E3,1.003702850E3
1.646612413E3,1.003704987E3
1.647612988E3,1.003714905E3
1.648613564E3,1.003721924E3
1.649614144E3,1.003722687E3
1.650614715E3,1.003729553E3
1.651615290E3,1.003729553E3
1.652615872E3,1.003722382E3
1.653616444E3,1.003721466E3
1.654617018E3,1.003720016E3
1.655617600E3,1.003718567E3
1.656618175E3,1.003718567E3
1.657618750E3,1.003717346E3
1.658619328E3,1.003717346E3
1.659619907E3,1.003713913E3
1.660620483E3,1.003708878E3
1.661621058E3,1.003705521E3
1.662621630E3,1.003699265E3
1.663622207E3,1.003692780E3
1.664622784E3,1.003681335E3
1.665623357E3,1.003678818E3
1.666623937E3,1.003675156E3
1.667624516E3,1.003667450E3
1.668625086E3,1.003667450E3
1.669625666E3,1.003667450E3
1.670626368E3,1.003664780E3
1.671626818E3,1.003657837E3
1.672627392E3,1.003657837E3
1.673627970E3,1.003657837E3
1.674628544E3,1.003656769E3
1.675629122E3,1.003656769E3
1.676629700E3,1.003668213E3
1.677630277E3,1.003669434E3
1.678630852E3,1.003670502E3
1.679631429E3,1.003677902E3
1.680632005E3,1.003686600E3
1.681632576E3,1.003692780E3
1.682633155E3,1.003694229E3
1.683633735E3,1.003696671E3
1.684634303E3,1.003696671E3
1.685635317E3,1.003695908E3
1.686635457E3,1.003695755E3
1.687636040E3,1.003695221E3
1.688636612E3,1.003691330E3
1.689637193E3,1.003686752E3
1.690637766E3,1.003677444E3
1.691638342E3,1.003672485E3
1.692638921E3,1.003665924E3
1.693639499E3,1.003661728E3
1.694640068E3,1.003661728E3
1.695640647E3,1.003670197E3
1.696641220E3,1.003672714E3
1.697641801E3,1.003674316E3
1.698642640E3,1.003674469E3
1.699642953E3,1.003674469E3
1.700643525E3,1.003669815E3
1.701644108E3,1.003666840E3
1.702644678E3,1.003663025E3
1.703645257E3,1.003653641E3
1.704645830E3,1.003653641E3
1.705646411E3,1.003657150E3
1.706646985E3,1.003662949E3
1.707647560E3,1.003670349E3
1.708648138E3,1.003688278E3
1.709648765E3,1.003694839E3
1.710649289E3,1.003697433E3
1.711649866E3,1.003698654E3
1.712650449E3,1.003698654E3
1.713651021E3,1.003698654E3
1.714651596E3,1.003694229E3
1.715652172E3,1.003691711E3
1.716652748E3,1.003688660E3
1.717653326E3,1.003685379E3
1.718653908E3,1.003682251E3
1.719654474E3,1.003679428E3
1.720655053E3,1.003672180E3
1.721655629E3,1.003671188E3
1.722656204E3,1.003668289E3
1.723656778E3,1.003666306E3
1.724657359E3,1.003657684E3
1.725657929E3,1.003657684E3
1.726658506E3,1.003663483E3
1.727659083E3,1.003665009E3
1.728659658E3,1.003669510E3
1.729660242E3,1.003679733E3
1.730660813E3,1.003679733E3
1.731661392E3,1.003675842E3
1.732661967E3,1.003672104E3
1.733662543E3,1.003670654E3
1.734663121E3,1.003666916E3
1.735663697E3,1.003666916E3
1.736664273E3,1.003671188E3
1.737665243E3,1.003676300E3
1.738665429E3,1.003682175E3
1.739665997E3,1.003691483E3
1.740666577E3,1.003700485E3
1.741667151E3,1.003704605E3
1.742667727E3,1.003705750E3
1.743668303E3,1.003707123E3
1.744668887E3,1.003709488E3
1.745669460E3,1.003709488E3
1.746670036E3,1.003705902E3
1.747670614E3,1.003702316E3
1.748671186E3,1.003699646E3
1.749671768E3,1.003690262E3
1.750672342E3,1.003680801E3
1.751672917E3,1.003678436E3
1.752673494E3,1.003674622E3
1.753674073E3,1.003669357E3
1.754674789E3,1.003668518E3
1.755675225E3,1.003667450E3
1.756675796E3,1.003666000E3
1.757676375E3,1.003667450E3
1.758676951E3,1.003672791E3
1.759677527E3,1.003673248E3
1.760678102E3,1.003676147E3
1.761678684E3,1.003676147E3
1.762679261E3,1.003670044E3
1.763679833E3,1.003667603E3
1.764680411E3,1.003665390E3
1.765680986E3,1.003665390E3
1.766681566E3,1.003667068E3
1.767682140E3,1.003676834E3
1.768682717E3,1.003677521E3
1.769683289E3,1.003680267E3
1.770683869E3,1.003686447E3
1.771684446E3,1.003688049E3
1.772685024E3,1.003689728E3
1.773685597E3,1.003689728E3
1.774686174E3,1.003684845E3
1.775686752E3,1.003678589E3
1.776687322E3,1.003674622E3
1.777687900E3,1.003669205E3
1.778688479E3,1.003660736E3
1.779689056E3,1.003658218E3
1.780689627E3,1.003658218E3
1.781690209E3,1.003660965E3
1.782690782E3,1.003663788E3
1.783691362E3,1.003672638E3
1.784691939E3,1.003681946E3
1.785692511E3,1.003684998E3
1.786693090E3,1.003688049E3
1.787693673E3,1.003697433E3
1.788694240E3,1.003713455E3
1.789694819E3,1.003737869E3
1.790695395E3,1.003765640E3
1.791695973E3,1.003794937E3
1.792696545E3,1.003816910E3
1.793697123E3,1.003825455E3
1.794697700E3,1.003825455E3
1.795698275E3,1.003824692E3
1.796698849E3,1.003824539E3
1.797699560E3,1.003818359E3
1.798700009E3,1.003812561E3
1.799700585E3,1.003811188E3
1.800701156E3,1.003811188E3
1.801701734E3,1.003818893E3
1.802702311E3,1.003843536E3
1.803702886E3,1.003873138E3
1.804703467E3,1.003909454E3
1.805704043E3,1.003947601E3
1.806704615E3,1.003982620E3
1.807705189E3,1.004007797E3
1.808705760E3,1.004031677E3
1.809706341E3,1.004054031E3
1.810706918E3,1.004076767E3
1.811707491E3,1.004102478E3
1.812708071E3,1.004132843E3
1.813708645E3,1.004158020E3
1.814709216E3,1.004177399E3
1.815709793E3,1.004187927E3
1.816710371E3,1.004196701E3
1.817711107E3,1.004211121E3
1.818711526E3,1.004233551E3
1.819712099E3,1.004264526E3
1.820712677E3,1.004300079E3
1.821713253E3,1.004328537E3
1.822713830E3,1.004345856E3
1.823714399E3,1.004362411E3
1.824714980E3,1.004379501E3
1.825715558E3,1.004403229E3
1.826716456E3,1.004431915E3
1.827716704E3,1.004468689E3
1.828717279E3,1.004503174E3
1.829717855E3,1.004534073E3
1.830718430E3,1.004553757E3
1.831719007E3,1.004567337E3
1.832719582E3,1.004574661E3
1.833720158E3,1.004586411E3
1.834720737E3,1.004602966E3
1.835721420E3,1.004630814E3
1.836721893E3,1.004668503E3
1.837722464E3,1.004708405E3
1.838723043E3,1.004738464E3
1.839723615E3,1.004763184E3
1.840724192E3,1.004783859E3
1.841724772E3,1.004797516E3
1.842725346E3,1.004815063E3
1.843725920E3,1.004838638E3
1.844726618E3,1.004866333E3
1.845727066E3,1.004890213E3
1.846727645E3,1.004910736E3
1.847728223E3,1.004925766E3
1.848728796E3,1.004935532E3
1.849729375E3,1.004939880E3
1.850729950E3,1.004947662E3
1.851730528E3,1.004950638E3
1.852731099E3,1.004951706E3
1.853731777E3,1.004951782E3
1.854732250E3,1.004951782E3
1.855732829E3,1.004951401E3
1.856733399E3,1.004951019E3
1.857733981E3,1.004949799E3
1.858734556E3,1.004948654E3
1.859735134E3,1.004941940E3
1.860735705E3,1.004935303E3
1.861736282E3,1.004927902E3
1.862737275E3,1.004921646E3
1.863737438E3,1.004916382E3
1.864738015E3,1.004915009E3
1.865738586E3,1.004913101E3
1.866739163E3,1.004912186E3
1.867739740E3,1.004911957E3
1.868740317E3,1.004911957E3
1.869740894E3,1.004917145E3
1.870741470E3,1.004924011E3
1.871742052E3,1.004933090E3
1.872742620E3,1.004944153E3
1.873743197E3,1.004953842E3
1.874743772E3,1.004962006E3
1.875744352E3,1.004967499E3
1.876744984E3,1.004973373E3
1.877745504E3,1.004979095E3
1.878746076E3,1.004983063E3
1.879746655E3,1.004984818E3
1.880747232E3,1.004985046E3
1.881747805E3,1.004986801E3
1.882748381E3,1.004987030E3
1.883748953E3,1.004987030E3
1.884749533E3,1.004985199E3
1.885750108E3,1.004981918E3
1.886750686E3,1.004979019E3
1.887751259E3,1.004977493E3
1.888751834E3,1.004976044E3
1.889752413E3,1.004974594E3
1.890752986E3,1.004970779E3
1.891753563E3,1.004965744E3
1.892754143E3,1.004961472E3
1.893754715E3,1.004954453E3
1.894755295E3,1.004952393E3
1.895755870E3,1.004949112E3
1.896756440E3,1.004949112E3
1.897757017E3,1.004951172E3
1.898757595E3,1.004955750E3
1.899758172E3,1.004961700E3
1.900758748E3,1.004968338E3
1.901759326E3,1.004970856E3
1.902759901E3,1.004971771E3
1.903760474E3,1.004970856E3
1.904761061E3,1.004968567E3
1.905761628E3,1.004964218E3
1.906762205E3,1.004963379E3
1.907762785E3,1.004963379E3
1.908763359E3,1.004965744E3
1.909763939E3,1.004968872E3
1.910764513E3,1.004974747E3
1.911765087E3,1.004978943E3
1.912765660E3,1.004985046E3
1.913766238E3,1.004988785E3
1.914766814E3,1.004989319E3
1.915767389E3,1.004990845E3
1.916768248E3,1.004992676E3
1.917768537E3,1.004992676E3
1.918769117E3,1.004992294E3
1.919769695E3,1.004989243E3
1.920770269E3,1.004986496E3
1.921770852E3,1.004983139E3
1.922771420E3,1.004982529E3
1.923771996E3,1.004981842E3
1.924772572E3,1.004981842E3
1.925773146E3,1.004981842E3
1.926773732E3,1.004981842E3
1.927774300E3,1.004979782E3
1.928774879E3,1.004977417E3
1.929775456E3,1.004974594E3
1.930776030E3,1.004968262E3
1.931776605E3,1.004962006E3
1.932777179E3,1.004955444E3
1.933777969E3,1.004950333E3
1.934778328E3,1.004948502E3
1.935778910E3,1.004947128E3
1.936779480E3,1.004946976E3
1.937780061E3,1.004946747E3
1.938780640E3,1.004946747E3
1.939781213E3,1.004946671E3
1.940781790E3,1.004944458E3
1.941782369E3,1.004944153E3
1.942782944E3,1.004942322E3
1.943783519E3,1.004940491E3
1.944784094E3,1.004939957E3
1.945784670E3,1.004937210E3
1.946785246E3,1.004931717E3
1.947785831E3,1.004928665E3
1.948786395E3,1.004925156E3
1.949786973E3,1.004925156E3
1.950787552E3,1.004929428E3
1.951788127E3,1.004937439E3
1.952788705E3,1.004945374E3
1.953789279E3,1.004955215E3
1.954789855E3,1.004962311E3
1.955790434E3,1.004969482E3
1.956791008E3,1.004973602E3
1.957791956E3,1.004975967E3
1.958792158E3,1.004977570E3
1.959792736E3,1.004977722E3
1.960793310E3,1.004977722E3
1.961793882E3,1.004977341E3
1.962794467E3,1.004975204E3
1.963795039E3,1.004972458E3
1.964795612E3,1.004972382E3
1.965796189E3,1.004970779E3
1.966796773E3,1.004968643E3
1.967797345E3,1.004968414E3
1.968797921E3,1.004967880E3
1.969798496E3,1.004965591E3
1.970799073E3,1.004963379E3
1.971799649E3,1.004959946E3
1.972800223E3,1.004955750E3
1.973800804E3,1.004951706E3
1.974801379E3,1.004947433E3
1.975801954E3,1.004946899E3
1.976802530E3,1.004945068E3
1.977803103E3,1.004942551E3
1.978803681E3,1.004940567E3
1.979804260E3,1.004940491E3
1.980804835E3,1.004940109E3
1.981805411E3,1.004940109E3
1.982805987E3,1.004938812E3
1.983806567E3,1.004937668E3
1.984807143E3,1.004934845E3
1.985807717E3,1.004934540E3
1.986808295E3,1.004933624E3
1.987808864E3,1.004933624E3
1.988809695E3,1.004935532E3
1.989810016E3,1.004939880E3
1.990810598E3,1.004943085E3
1.991811170E3,1.004947586E3
1.992811751E3,1.004953995E3
1.993812326E3,1.004955902E3
1.994812904E3,1.004963760E3
1.995813475E3,1.004968796E3
1.996814055E3,1.004975433E3
1.997814629E3,1.004977646E3
1.998815207E3,1.004977646E3
1.999815780E3,1.004977264E3
2.000816358E3,1.004976196E3
2.001816938E3,1.004975357E3
2.002817508E3,1.004975357E3
2.003818085E3,1.004975739E3
2.004818664E3,1.004975967E3
2.005819450E3,1.004977036E3
2.006819815E3,1.004977875E3
2.007820395E3,1.004978180E3
2.008820967E3,1.004977875E3
2.009821540E3,1.004977722E3
2.010822122E3,1.004977188E3
2.011822696E3,1.004976654E3
2.012823273E3,1.004976654E3
2.013823849E3,1.004976654E3
2.014824422E3,1.004976730E3
2.015825001E3,1.004976959E3
2.016825575E3,1.004978104E3
2.017826420E3,1.004978561E3
2.018826727E3,1.004979019E3
2.019827310E3,1.004979630E3
2.020827884E3,1.004979630E3
2.021828464E3,1.004979324E3
2.022829035E3,1.004977264E3
2.023829610E3,1.004975433E3
2.024830192E3,1.004973831E3
2.025830764E3,1.004972153E3
2.026831334E3,1.004972153E3
2.027831919E3,1.004971924E3
2.028832494E3,1.004971619E3
2.029833195E3,1.004970322E3
2.030833645E3,1.004967728E3
2.031834225E3,1.004964371E3
2.032834801E3,1.004962921E3
2.033835373E3,1.004962463E3
2.034835947E3,1.004960556E3
2.035836527E3,1.004960556E3
2.036837102E3,1.004960861E3
2.037837679E3,1.004960861E3
2.038838256E3,1.004960556E3
2.039838833E3,1.004960480E3
2.040839411E3,1.004959412E3
2.041839982E3,1.004957733E3
2.042840559E3,1.004956894E3
2.043841141E3,1.004956894E3
2.044841710E3,1.004958649E3
2.045842287E3,1.004958649E3
2.046842866E3,1.004956512E3
2.047843438E3,1.004954681E3
2.048844357E3,1.004948959E3
2.049844591E3,1.004946747E3
2.050845168E3,1.004943466E3
2.051845749E3,1.004942169E3
2.052846319E3,1.004937439E3
2.053846899E3,1.004933701E3
2.054847470E3,1.004928589E3
2.055848049E3,1.004923859E3
2.056848627E3,1.004918213E3
2.057849199E3,1.004915619E3
2.058849778E3,1.004913330E3
2.059850355E3,1.004911346E3
2.060850930E3,1.004908981E3
2.061851503E3,1.004907684E3
2.062852088E3,1.004906693E3
2.063852662E3,1.004906006E3
2.064853238E3,1.004904633E3
2.065853814E3,1.004904633E3
2.066854388E3,1.004905853E3
2.067855322E3,1.004905853E3
2.068855539E3,1.004905167E3
2.069856117E3,1.004905167E3
2.070856693E3,1.004906387E3
2.071857266E3,1.004906387E3
2.072857841E3,1.004903488E3
2.073858419E3,1.004902954E3
2.074858998E3,1.004902191E3
2.075859574E3,1.004902191E3
2.076860147E3,1.004905701E3
2.077860725E3,1.004910049E3
2.078861301E3,1.004910660E3
2.079861878E3,1.004910660E3
2.080862454E3,1.004909973E3
2.081863035E3,1.004907913E3
2.082863612E3,1.004905167E3
2.083864182E3,1.004902725E3
2.084864761E3,1.004901123E3
2.085865341E3,1.004898758E3
2.086865911E3,1.004898682E3
2.087866483E3,1.004895630E3
2.088867066E3,1.004893188E3
2.089867643E3,1.004892654E3
2.090868220E3,1.004892197E3
2.091868793E3,1.004890060E3
2.092869370E3,1.004889374E3
2.093869950E3,1.004888763E3
2.094870530E3,1.004888763E3
2.095871105E3,1.004888763E3
2.096871677E3,1.004889069E3
2.097872254E3,1.004889069E3
2.098872836E3,1.004887009E3
2.099873412E3,1.004886475E3
2.100873987E3,1.004885712E3
2.101874568E3,1.004885712E3
2.102875136E3,1.004886475E3
2.103875713E3,1.004888687E3
2.104876290E3,1.004892502E3
2.105876865E3,1.004893951E3
2.106877446E3,1.004894562E3
2.107878018E3,1.004895554E3
2.108878594E3,1.004896240E3
2.109879167E3,1.004896240E3
2.110879744E3,1.004895859E3
2.111880565E3,1.004895859E3
2.112880904E3,1.004896774E3
2.113881476E3,1.004899597E3
2.114882053E3,1.004902039E3
2.115882629E3,1.004904022E3
2.116883252E3,1.004905853E3
2.117883787E3,1.004907379E3
2.118884355E3,1.004907379E3
2.119884933E3,1.004905167E3
2.120885510E3,1.004904175E3
2.121886084E3,1.004903870E3
2.122886665E3,1.004899445E3
2.123887238E3,1.004897079E3
2.124887817E3,1.004893188E3
2.125888394E3,1.004890213E3
2.126889186E3,1.004885941E3
2.127889548E3,1.004885941E3
2.128890128E3,1.004891968E3
2.129890703E3,1.004903412E3
2.130891277E3,1.004914017E3
2.131892030E3,1.004925308E3
2.132892430E3,1.004934464E3
2.133893015E3,1.004941025E3
2.134893584E3,1.004944000E3
2.135894165E3,1.004945831E3
2.136894771E3,1.004947968E3
2.137895313E3,1.004948425E3
2.138895890E3,1.004948578E3
2.139896472E3,1.004948425E3
2.140897048E3,1.004947281E3
2.141897629E3,1.004946976E3
2.142898200E3,1.004945908E3
2.143898777E3,1.004942703E3
2.144899350E3,1.004937973E3
2.145899931E3,1.004932556E3
2.146900503E3,1.004924927E3
2.147901080E3,1.004917068E3
2.148901990E3,1.004912338E3
2.149902237E3,1.004908524E3
2.150902817E3,1.004908524E3
2.151903389E3,1.004911118E3
2.152903965E3,1.004912338E3
2.153904546E3,1.004914474E3
2.154905117E3,1.004920578E3
2.155906163E3,1.004926224E3
2.156906272E3,1.004926605E3
2.157906850E3,1.004933472E3
2.158907426E3,1.004937210E3
2.159908002E3,1.004939041E3
2.160908586E3,1.004941025E3
2.161909158E3,1.004944992E3
2.162909735E3,1.004944992E3
2.163910315E3,1.004944382E3
2.164910886E3,1.004941254E3
2.165911464E3,1.004936066E3
2.166912045E3,1.004925995E3
2.167912900E3,1.004916000E3
2.168913199E3,1.004907150E3
2.169913775E3,1.004900665E3
2.170914349E3,1.004898987E3
2.171914927E3,1.004898987E3
2.172915506E3,1.004904404E3
2.173916084E3,1.004910049E3
2.174917000E3,1.004914551E3
2.175917233E3,1.004917984E3
2.176917812E3,1.004917984E3
2.177918387E3,1.004917984E3
2.178918961E3,1.004916916E3
2.179919540E3,1.004916916E3
2.180920118E3,1.004914093E3
2.181920693E3,1.004910583E3
2.182921279E3,1.004910583E3
2.183921852E3,1.004912338E3
2.184922424E3,1.004913940E3
2.185922998E3,1.004921646E3
2.186923580E3,1.004929962E3
2.187924152E3,1.004935608E3
2.188924728E3,1.004940186E3
2.189925311E3,1.004944458E3
2.190925879E3,1.004944992E3
2.191926461E3,1.004946365E3
2.192927035E3,1.004946365E3
2.193927607E3,1.004946671E3
2.194928189E3,1.004947128E3
2.195928767E3,1.004947433E3
2.196929342E3,1.004950638E3
2.197929917E3,1.004951172E3
2.198930497E3,1.004951172E3
2.199931074E3,1.004950562E3
2.200931646E3,1.004946747E3
2.201932225E3,1.004936600E3
2.202932801E3,1.004931335E3
2.203933379E3,1.004923019E3
2.204933960E3,1.004916534E3
2.205934532E3,1.004913254E3
2.206935110E3,1.004912643E3
2.207935714E3,1.004910278E3
2.208936262E3,1.004910278E3
2.209936839E3,1.004914017E3
2.210937416E3,1.004917603E3
2.211937987E3,1.004921570E3
2.212938565E3,1.004923553E3
2.213939140E3,1.004923553E3
2.214939722E3,1.004915619E3
2.215940301E3,1.004908066E3
2.216940873E3,1.004900665E3
2.217941447E3,1.004892807E3
2.218942027E3,1.004889908E3
2.219942603E3,1.004889908E3
2.220943181E3,1.004892502E3
2.221944134E3,1.004894485E3
2.222944328E3,1.004898453E3
2.223944909E3,1.004901886E3
2.224945483E3,1.004903183E3
2.225946065E3,1.004904633E3
2.226946636E3,1.004905396E3
2.227947217E3,1.004905396E3
2.228947789E3,1.004905396E3
2.229948368E3,1.004907913E3
2.230948941E3,1.004910660E3
2.231949522E3,1.004913788E3
2.232950094E3,1.004917068E3
2.233950676E3,1.004921036E3
2.234951249E3,1.004921341E3
2.235951827E3,1.004921036E3
2.236952406E3,1.004921112E3
2.237952977E3,1.004920883E3
2.238953555E3,1.004921112E3
2.239954133E3,1.004922791E3
2.240954710E3,1.004925995E3
2.241955286E3,1.004929962E3
2.242955859E3,1.004932861E3
2.243956435E3,1.004935760E3
2.244957014E3,1.004938278E3
2.245957594E3,1.004938278E3
2.246958169E3,1.004936829E3
2.247958744E3,1.004934692E3
2.248959320E3,1.004932709E3
2.249960107E3,1.004931107E3
2.250960480E3,1.004931107E3
2.251961053E3,1.004930801E3
2.252961629E3,1.004928513E3
2.253962209E3,1.004927368E3
2.254962787E3,1.004925842E3
2.255963360E3,1.004923096E3
2.256963939E3,1.004920425E3
2.257964511E3,1.004920120E3
2.258965090E3,1.004917374E3
2.259965666E3,1.004911041E3
2.260966239E3,1.004907455E3
2.261966816E3,1.004901505E3
2.262967396E3,1.004895706E3
2.263967972E3,1.004890747E3
2.264968549E3,1.004886627E3
2.265969128E3,1.004884186E3
2.266969700E3,1.004884186E3
2.267970277E3,1.004884491E3
2.268970851E3,1.004887314E3
2.269971431E3,1.004890442E3
2.270972007E3,1.004892120E3
2.271972579E3,1.004892120E3
2.272973160E3,1.004891891E3
2.273973735E3,1.004890671E3
2.274974310E3,1.004889526E3
2.275974888E3,1.004889374E3
2.276975464E3,1.004887772E3
2.277976046E3,1.004885483E3
2.278976617E3,1.004884949E3
2.279977195E3,1.004882431E3
2.280977773E3,1.004878540E3
2.281978350E3,1.004878540E3
2.282978930E3,1.004879761E3
2.283979503E3,1.004881973E3
2.284980077E3,1.004886856E3
2.285980660E3,1.004892731E3
2.286981228E3,1.004897079E3
2.287981811E3,1.004901657E3
2.288982383E3,1.004904709E3
2.289982960E3,1.004906464E3
2.290983535E3,1.004908142E3
2.291984112E3,1.004908142E3
2.292984690E3,1.004907913E3
2.293985268E3,1.004907303E3
2.294985846E3,1.004906311E3
2.295986419E3,1.004905624E3
2.296986996E3,1.004905624E3
2.297987573E3,1.004905319E3
2.298988149E3,1.004902954E3
2.299988725E3,1.004902802E3
2.300989304E3,1.004902802E3
2.301989876E3,1.004903717E3
2.302990454E3,1.004905930E3
2.303991035E3,1.004908295E3
2.304991607E3,1.004912186E3
2.305992185E3,1.004913483E3
2.306992762E3,1.004913559E3
2.307993795E3,1.004913559E3
2.308993908E3,1.004912872E3
2.309994490E3,1.004912872E3
2.310995066E3,1.004914322E3
2.311995644E3,1.004914322E3
2.312996217E3,1.004913788E3
2.313996801E3,1.004913788E3
2.314997584E3,1.004913788E3
2.315997954E3,1.004912949E3
2.316998530E3,1.004911346E3
2.317999109E3,1.004911346E3
2.318999676E3,1.004910812E3
2.320000257E3,1.004910660E3
2.321000831E3,1.004910660E3
2.322001408E3,1.004912186E3
2.323001986E3,1.004912796E3
2.324002560E3,1.004912796E3
2.325003140E3,1.004912796E3
2.326003717E3,1.004912643E3
2.327004293E3,1.004910583E3
2.328004866E3,1.004907608E3
2.329005441E3,1.004907379E3
2.330006029E3,1.004906464E3
2.331006692E3,1.004906464E3
2.332007173E3,1.004908295E3
2.333007751E3,1.004910889E3
2.334008332E3,1.004911270E3
2.335008902E3,1.004915237E3
2.336009482E3,1.004915771E3
2.337010061E3,1.004917831E3
2.338010633E3,1.004920807E3
2.339011211E3,1.004923859E3
2.340011786E3,1.004926453E3
2.341012363E3,1.004928665E3
2.342012939E3,1.004929962E3
2.343013513E3,1.004930954E3
2.344014088E3,1.004930954E3
2.345014668E3,1.004930725E3
2.346015242E3,1.004930496E3
2.347015983E3,1.004929733E3
2.348016395E3,1.004927750E3
2.349016972E3,1.004927597E3
2.350017546E3,1.004927368E3
2.351018123E3,1.004926682E3
2.352018705E3,1.004926682E3
2.353019277E3,1.004927368E3
2.354019853E3,1.004928360E3
2.355020431E3,1.004928970E3
2.356021005E3,1.004931793E3
2.357021583E3,1.004932861E3
2.358022156E3,1.004933777E3
2.359022735E3,1.004937973E3
2.360023308E3,1.004942551E3
2.361023893E3,1.004946899E3
2.362024461E3,1.004948196E3
2.363025043E3,1.004948196E3
2.364025615E3,1.004948120E3
2.365026199E3,1.004943085E3