Time,x
-5.207217500E-1,1.015297012E3
5.173432500E-1,1.015365295E3
1.554133250E0,1.015368805E3
2.591544250E0,1.015368805E3
3.630898250E0,1.015315552E3
4.668902250E0,1.015312729E3
5.706464250E0,1.015312729E3
6.744208250E0,1.015309677E3
6.831287250E0,1.015309677E3
7.870370250E0,1.015415573E3
8.910974250E0,1.015415573E3
9.948556250E0,1.015407791E3
1.098617525E1,1.015394974E3
1.202399725E1,1.015382004E3
1.306044925E1,1.015248032E3
1.409667225E1,1.015237045E3
1.513336825E1,1.015236130E3
1.617145625E1,1.015236130E3
1.720935325E1,1.015236130E3
1.824743125E1,1.015236359E3
1.928461025E1,1.015237350E3
2.032170225E1,1.015239563E3
2.135843125E1,1.015238266E3
2.239423625E1,1.015238266E3
2.343161925E1,1.015237885E3
2.446975125E1,1.015237808E3
2.550546225E1,1.015237885E3
2.654305325E1,1.015237808E3
2.757930925E1,1.015233307E3
2.861646825E1,1.015233078E3
2.965337725E1,1.015232086E3
3.069165525E1,1.015232086E3
3.172850525E1,1.015234909E3
3.276523025E1,1.015239410E3
3.380177025E1,1.015240631E3
3.483855825E1,1.015240631E3
3.587510125E1,1.015238113E3
3.691124725E1,1.015232697E3
3.794687625E1,1.015226974E3
3.898352425E1,1.015226746E3
4.002114625E1,1.015219193E3
4.105930825E1,1.015214310E3
4.209500425E1,1.015209045E3
4.313157925E1,1.015208359E3
4.416827225E1,1.015202179E3
4.520530525E1,1.015202179E3
4.624203025E1,1.015200119E3
4.727872025E1,1.015202408E3
4.831573625E1,1.015202637E3
4.935288525E1,1.015203934E3
5.038922925E1,1.015205841E3
5.142552425E1,1.015207062E3
5.246227325E1,1.015208588E3
5.349796625E1,1.015207901E3
5.453554525E1,1.015208740E3
5.557291125E1,1.015210037E3
5.660941225E1,1.015210419E3
5.764516425E1,1.015210037E3
5.868320025E1,1.015207520E3
5.971967225E1,1.015206299E3
6.075666125E1,1.015202484E3
6.179356125E1,1.015198288E3
6.282959225E1,1.015198288E3
6.386543225E1,1.015198822E3
6.490295125E1,1.015202866E3
6.593958725E1,1.015205231E3
6.697610625E1,1.015210190E3
6.801228525E1,1.015214691E3
6.904947125E1,1.015215225E3
7.008701525E1,1.015217514E3
7.112494925E1,1.015219879E3
7.216159225E1,1.015220261E3
7.319729725E1,1.015219879E3
7.423296725E1,1.015216675E3
7.527097225E1,1.015214615E3
7.630748425E1,1.015211411E3
7.734484825E1,1.015207062E3
7.838108225E1,1.015202789E3
7.941915525E1,1.015202484E3
8.045550625E1,1.015201874E3
8.149147325E1,1.015201950E3
8.252779525E1,1.015201950E3
8.356392625E1,1.015204315E3
8.459999925E1,1.015205154E3
8.563701625E1,1.015205154E3
8.667437425E1,1.015210266E3
8.771129125E1,1.015214539E3
8.874891525E1,1.015215225E3
8.978617825E1,1.015217819E3
9.082295225E1,1.015218430E3
9.185941925E1,1.015219040E3
9.289688025E1,1.015218430E3
9.393263325E1,1.015216141E3
9.496938625E1,1.015215988E3
9.600570525E1,1.015214691E3
9.704214125E1,1.015214233E3
9.807878725E1,1.015213776E3
9.911586225E1,1.015213776E3
1.001524512E2,1.015214005E3
1.011897262E2,1.015214005E3
1.022258242E2,1.015213394E3
1.032619442E2,1.015208588E3
1.042986922E2,1.015208588E3
1.053347512E2,1.015210419E3
1.063712192E2,1.015211411E3
1.074092932E2,1.015213013E3
1.084465992E2,1.015216522E3
1.094818622E2,1.015217056E3
1.105181182E2,1.015218201E3
1.115541672E2,1.015218201E3
1.125911382E2,1.015217590E3
1.136273742E2,1.015215530E3
1.146635862E2,1.015210190E3
1.157005042E2,1.015205994E3
1.167368152E2,1.015203247E3
1.177733852E2,1.015203171E3
1.188115582E2,1.015203247E3
1.198476112E2,1.015203247E3
1.208844852E2,1.015206451E3
1.219216772E2,1.015207901E3
1.229585812E2,1.015209885E3
1.239957362E2,1.015213470E3
1.250322492E2,1.015215912E3
1.260687212E2,1.015215912E3
1.271048332E2,1.015214539E3
1.281431212E2,1.015213165E3
1.291805422E2,1.015212631E3
1.302168372E2,1.015211411E3
1.312535912E2,1.015210800E3
1.322904852E2,1.015210800E3
1.333281562E2,1.015213776E3
1.343650462E2,1.015213776E3
1.354018922E2,1.015210342E3
1.364395042E2,1.015210342E3
1.374760592E2,1.015209808E3
1.385127212E2,1.015209808E3
1.395499102E2,1.015209808E3
1.405879152E2,1.015208588E3
1.416249042E2,1.015208206E3
1.426622342E2,1.015207672E3
1.436990242E2,1.015207672E3
1.447359192E2,1.015209427E3
1.457727982E2,1.015209427E3
1.468095242E2,1.015207672E3
1.478470112E2,1.015207672E3
1.488847542E2,1.015207672E3
1.499216262E2,1.015209122E3
1.509592972E2,1.015209885E3
1.519967352E2,1.015210800E3
1.530327432E2,1.015210800E3
1.540704142E2,1.015209198E3
1.551076612E2,1.015207672E3
1.561443572E2,1.015205841E3
1.571807762E2,1.015205002E3
1.582185192E2,1.015205002E3
1.592552722E2,1.015205002E3
1.602923232E2,1.015205383E3
1.613293522E2,1.015207062E3
1.623665052E2,1.015209885E3
1.634021702E2,1.015210342E3
1.644390492E2,1.015210342E3
1.654759652E2,1.015210342E3
1.665131472E2,1.015210342E3
1.675504422E2,1.015212021E3
1.685866462E2,1.015212250E3
1.696227612E2,1.015215836E3
1.706594572E2,1.015218658E3
1.716975872E2,1.015221863E3
1.727341332E2,1.015227585E3
1.737713172E2,1.015228195E3
1.748087742E2,1.015230560E3
1.758455762E2,1.015233536E3
1.768822232E2,1.015233536E3
1.779189502E2,1.015232697E3
1.789548922E2,1.015232239E3
1.799924912E2,1.015229568E3
1.810293412E2,1.015227814E3
1.820667792E2,1.015222321E3
1.831028932E2,1.015219193E3
1.841396112E2,1.015214539E3
1.851766142E2,1.015210724E3
1.862139932E2,1.015210724E3
1.872515682E2,1.015211182E3
1.882877182E2,1.015212708E3
1.893247842E2,1.015217514E3
1.903614552E2,1.015223312E3
1.913975362E2,1.015228653E3
1.924343142E2,1.015229721E3
1.934702142E2,1.015229721E3
1.945065472E2,1.015229721E3
1.955433912E2,1.015230637E3
1.965803322E2,1.015230942E3
1.976169222E2,1.015231323E3
1.986537412E2,1.015232697E3
1.996906262E2,1.015233078E3
2.007265232E2,1.015233078E3
2.017627372E2,1.015232315E3
2.028003422E2,1.015231705E3
2.038380772E2,1.015229568E3
2.048752492E2,1.015226669E3
2.059121532E2,1.015225296E3
2.069482682E2,1.015225143E3
2.079848142E2,1.015224686E3
2.090217692E2,1.015224304E3
2.100584862E2,1.015222549E3
2.110946862E2,1.015218124E3
2.121307652E2,1.015213776E3
2.131671522E2,1.015209885E3
2.142035432E2,1.015209885E3
2.152400662E2,1.015209427E3
2.162774142E2,1.015209808E3
2.173142262E2,1.015209427E3
2.183513562E2,1.015209808E3
2.193886552E2,1.015209122E3
2.204264392E2,1.015207367E3
2.214631012E2,1.015207138E3
2.225010172E2,1.015207138E3
2.235368712E2,1.015206833E3
2.245727102E2,1.015202408E3
2.256089492E2,1.015202179E3
2.266462252E2,1.015199966E3
2.276841722E2,1.015198593E3
2.287212642E2,1.015198593E3
2.297573852E2,1.015198593E3
2.307948612E2,1.015197906E3
2.318323442E2,1.015194702E3
2.328688922E2,1.015194473E3
2.339061702E2,1.015193405E3
2.349419202E2,1.015192413E3
2.359788302E2,1.015192413E3
2.370156522E2,1.015195694E3
2.380522722E2,1.015196762E3
2.390887332E2,1.015196838E3
2.401257132E2,1.015196762E3
2.411627492E2,1.015195084E3
2.421984582E2,1.015190811E3
2.432346622E2,1.015185699E3
2.442720442E2,1.015182648E3
2.453087172E2,1.015182648E3
2.463463832E2,1.015183105E3
2.473828332E2,1.015183716E3
2.484189182E2,1.015183716E3
2.494560722E2,1.015183716E3
2.504919192E2,1.015179977E3
2.515281272E2,1.015174484E3
2.525650222E2,1.015174026E3
2.536014062E2,1.015169983E3
2.546377352E2,1.015166397E3
2.556746572E2,1.015161057E3
2.567115072E2,1.015160446E3
2.577477412E2,1.015160446E3
2.587848742E2,1.015160446E3
2.598218382E2,1.015166473E3
2.608586562E2,1.015170441E3
2.618950782E2,1.015173187E3
2.629312812E2,1.015174942E3
2.639697212E2,1.015180359E3
2.650066982E2,1.015182266E3
2.660439702E2,1.015182953E3
2.670803072E2,1.015183716E3
2.681166052E2,1.015185547E3
2.691534942E2,1.015187683E3
2.701907642E2,1.015189133E3
2.712277952E2,1.015196457E3
2.722647422E2,1.015198441E3
2.733010902E2,1.015198441E3
2.743375122E2,1.015198288E3
2.753744272E2,1.015198212E3
2.764111532E2,1.015195847E3
2.774496762E2,1.015195847E3
2.784867162E2,1.015195541E3
2.795239232E2,1.015193634E3
2.805603932E2,1.015188370E3
2.815977962E2,1.015188370E3
2.826337612E2,1.015191422E3
2.836708222E2,1.015191422E3
2.847086182E2,1.015191269E3
2.857449522E2,1.015190811E3
2.867824152E2,1.015190811E3
2.878184782E2,1.015187836E3
2.888565242E2,1.015187836E3
2.898924082E2,1.015189056E3
2.909283022E2,1.015189514E3
2.919652052E2,1.015189896E3
2.930019342E2,1.015190887E3
2.940393882E2,1.015192871E3
2.950770222E2,1.015193176E3
2.961140212E2,1.015194778E3
2.971502732E2,1.015198059E3
2.981884592E2,1.015198059E3
2.992254672E2,1.015194016E3
3.002630632E2,1.015193634E3
3.012997152E2,1.015191422E3
3.023357392E2,1.015186920E3
3.033732152E2,1.015184097E3
3.044113962E2,1.015182724E3
3.054485082E2,1.015180817E3
3.064847122E2,1.015180817E3
3.075214292E2,1.015182114E3
3.085588602E2,1.015184937E3
3.095948572E2,1.015188904E3
3.106320392E2,1.015191193E3
3.116676372E2,1.015194855E3
3.127047942E2,1.015199051E3
3.137425882E2,1.015200882E3
3.147791602E2,1.015200882E3
3.158155502E2,1.015200882E3
3.168515412E2,1.015199966E3
3.178878512E2,1.015200882E3
3.189253242E2,1.015199661E3
3.199633132E2,1.015200272E3
3.210013032E2,1.015200272E3
3.220390682E2,1.015200806E3
3.230769472E2,1.015202789E3
3.241128522E2,1.015203171E3
3.251505912E2,1.015203171E3
3.261865252E2,1.015204697E3
3.272232582E2,1.015205994E3
3.282601942E2,1.015207901E3
3.292964152E2,1.015210266E3
3.303326882E2,1.015211639E3
3.313683462E2,1.015211639E3
3.324048282E2,1.015208817E3
3.334414932E2,1.015208054E3
3.344776452E2,1.015204086E3
3.355154542E2,1.015198364E3
3.365526172E2,1.015195923E3
3.375890462E2,1.015195923E3
3.386254332E2,1.015193176E3
3.396620002E2,1.015192871E3
3.406998492E2,1.015193176E3
3.417359032E2,1.015200043E3
3.427729232E2,1.015202713E3
3.438095252E2,1.015206985E3
3.448465902E2,1.015207062E3
3.458826442E2,1.015206985E3
3.469198892E2,1.015202179E3
3.479557172E2,1.015201111E3
3.489932332E2,1.015200043E3
3.500304142E2,1.015199509E3
3.510671452E2,1.015196228E3
3.521034662E2,1.015196228E3
3.531406892E2,1.015195999E3
3.541787472E2,1.015195999E3
3.552151642E2,1.015195999E3
3.562512532E2,1.015198822E3
3.572876702E2,1.015202255E3
3.583243632E2,1.015202255E3
3.593616812E2,1.015202255E3
3.603975452E2,1.015203018E3
3.614336752E2,1.015203018E3
3.624714342E2,1.015200882E3
3.635085172E2,1.015200882E3
3.645459702E2,1.015200577E3
3.655824492E2,1.015202866E3
3.666202122E2,1.015203400E3
3.676573692E2,1.015204773E3
3.686936382E2,1.015204773E3
3.697307312E2,1.015201874E3
3.707668782E2,1.015199203E3
3.718036052E2,1.015198364E3
3.728395692E2,1.015197525E3
3.738754422E2,1.015197525E3
3.749134382E2,1.015200882E3
3.759506792E2,1.015200882E3
3.769883152E2,1.015203171E3
3.780249782E2,1.015204239E3
3.790616042E2,1.015207596E3
3.800976562E2,1.015211258E3
3.811330992E2,1.015214386E3
3.821691832E2,1.015217361E3
3.832059702E2,1.015218277E3
3.842419222E2,1.015222397E3
3.852791152E2,1.015223389E3
3.863155412E2,1.015226135E3
3.873519082E2,1.015229034E3
3.883883622E2,1.015229034E3
3.894242862E2,1.015227814E3
3.904613192E2,1.015226593E3
3.914981332E2,1.015221939E3
3.925353862E2,1.015213165E3
3.935724702E2,1.015208206E3
3.946086782E2,1.015206070E3
3.956460402E2,1.015201187E3
3.966831972E2,1.015201187E3
3.977194942E2,1.015205383E3
3.987564962E2,1.015209045E3
3.997935922E2,1.015211639E3
4.008303212E2,1.015218964E3
4.018667622E2,1.015226669E3
4.029038932E2,1.015234909E3
4.039405002E2,1.015242462E3
4.049771242E2,1.015244141E3
4.060135942E2,1.015244141E3
4.070503222E2,1.015242157E3
4.080860412E2,1.015238647E3
4.091230492E2,1.015234680E3
4.101608962E2,1.015234604E3
4.111986882E2,1.015231400E3
4.122358722E2,1.015225983E3
4.132719582E2,1.015221176E3
4.143110662E2,1.015215607E3
4.153487972E2,1.015211945E3
4.163856852E2,1.015211945E3
4.174226072E2,1.015211945E3
4.184591652E2,1.015213013E3
4.194954052E2,1.015216217E3
4.205321312E2,1.015216217E3
4.215676622E2,1.015215759E3
4.226039902E2,1.015215759E3
4.236401192E2,1.015215912E3
4.246768892E2,1.015216293E3
4.257124832E2,1.015215912E3
4.267511932E2,1.015214691E3
4.277877722E2,1.015213165E3
4.288249562E2,1.015211792E3
4.298617422E2,1.015209808E3
4.308979802E2,1.015204391E3
4.319339502E2,1.015202637E3
4.329706262E2,1.015200729E3
4.340073892E2,1.015198364E3
4.350458122E2,1.015198364E3
4.360824412E2,1.015198822E3
4.371189492E2,1.015201874E3
4.381548452E2,1.015206070E3
4.391919822E2,1.015208359E3
4.402284592E2,1.015209122E3
4.412653672E2,1.015209122E3
4.423025252E2,1.015207672E3
4.433396502E2,1.015207520E3
4.443759712E2,1.015207520E3
4.454128152E2,1.015209351E3
4.464493792E2,1.015209351E3
4.474860382E2,1.015208588E3
4.485228392E2,1.015207138E3
4.495597422E2,1.015206985E3
4.505961642E2,1.015205917E3
4.516330162E2,1.015203171E3
4.526705052E2,1.015199890E3
4.537062802E2,1.015197067E3
4.547427962E2,1.015191956E3
4.557802242E2,1.015182266E3
4.568170722E2,1.015181046E3
4.578542662E2,1.015178680E3
4.588903762E2,1.015178070E3
4.599267272E2,1.015174942E3
4.609639162E2,1.015172272E3
4.620008562E2,1.015172272E3
4.630368162E2,1.015168762E3
4.640745042E2,1.015159302E3
4.651106602E2,1.015158997E3
4.661473912E2,1.015155640E3
4.671843632E2,1.015155640E3
4.682215072E2,1.015157547E3
4.692587172E2,1.015158920E3
4.702963012E2,1.015161057E3
4.713321612E2,1.015161285E3
4.723690112E2,1.015164108E3
4.734049292E2,1.015164566E3
4.744409072E2,1.015170288E3
4.754780772E2,1.015175629E3
4.765161722E2,1.015176163E3
4.775534262E2,1.015176315E3
4.785900062E2,1.015176163E3
4.796271242E2,1.015173492E3
4.806635292E2,1.015170364E3
4.817002852E2,1.015168762E3
4.827380842E2,1.015168152E3
4.837740502E2,1.015167999E3
4.848115112E2,1.015167160E3
4.858485762E2,1.015166931E3
4.868848762E2,1.015167160E3
4.879218012E2,1.015170135E3
4.889593812E2,1.015171280E3
4.899971832E2,1.015176315E3
4.910347492E2,1.015177536E3
4.920716552E2,1.015177536E3
4.931096252E2,1.015177536E3
4.941456722E2,1.015176926E3
4.951827542E2,1.015176773E3
4.962204202E2,1.015176773E3
4.972568092E2,1.015179291E3
4.982924272E2,1.015182724E3
4.993289402E2,1.015188217E3
5.003655302E2,1.015193176E3
5.014021672E2,1.015193939E3
5.024391762E2,1.015198441E3
5.034764872E2,1.015200653E3
5.045133522E2,1.015200653E3
5.055495502E2,1.015198593E3
5.065875792E2,1.015196075E3
5.076236172E2,1.015184784E3
5.086596992E2,1.015183334E3
5.096956922E2,1.015169373E3
5.107323862E2,1.015157013E3
5.117687842E2,1.015154495E3
5.128054702E2,1.015150528E3
5.138413612E2,1.015145569E3
5.148781132E2,1.015144806E3
5.159147072E2,1.015142822E3
5.169503932E2,1.015138626E3
5.179871452E2,1.015136642E3
5.190246742E2,1.015136642E3
5.200619932E2,1.015138474E3
5.210988542E2,1.015138474E3
5.221346422E2,1.015140686E3
5.231717962E2,1.015140686E3
5.242079042E2,1.015140686E3
5.252451842E2,1.015145721E3
5.262809252E2,1.015145721E3
5.273172182E2,1.015156097E3
5.283527432E2,1.015158768E3
5.293890592E2,1.015156097E3
5.304254952E2,1.015150986E3
5.314615382E2,1.015140076E3
5.324983852E2,1.015126877E3
5.335340352E2,1.015120544E3
5.345703452E2,1.015113297E3
5.356062442E2,1.015109100E3
5.366430002E2,1.015109100E3
5.376790632E2,1.015116272E3
5.387162442E2,1.015123672E3
5.397522672E2,1.015133667E3
5.407886612E2,1.015148239E3
5.418256012E2,1.015153198E3
5.428611592E2,1.015163269E3
5.438988832E2,1.015165176E3
5.449354482E2,1.015165634E3
5.459712532E2,1.015173111E3
5.470080702E2,1.015180740E3
5.480447412E2,1.015180817E3
5.490813062E2,1.015184402E3
5.501194542E2,1.015184402E3
5.511549022E2,1.015182648E3
5.521919442E2,1.015182114E3
5.532281382E2,1.015180054E3
5.542640232E2,1.015180054E3
5.553004212E2,1.015178299E3
5.563367472E2,1.015177307E3
5.573726492E2,1.015175705E3
5.584097102E2,1.015175705E3
5.594469782E2,1.015184860E3
5.604839172E2,1.015186081E3
5.615216472E2,1.015186081E3
5.625576372E2,1.015186081E3
5.635937092E2,1.015184402E3
5.646289972E2,1.015179138E3
5.656655742E2,1.015171509E3
5.667012842E2,1.015168533E3
5.677395302E2,1.015167236E3
5.687755852E2,1.015167236E3
5.698112102E2,1.015171967E3
5.708473772E2,1.015179749E3
5.718835712E2,1.015179977E3
5.729194892E2,1.015179977E3
5.739567202E2,1.015178299E3
5.749944022E2,1.015176392E3
5.760307682E2,1.015170593E3
5.770680552E2,1.015170288E3
5.781040542E2,1.015167999E3
5.791414202E2,1.015167313E3
5.801790322E2,1.015165787E3
5.812153302E2,1.015165710E3
5.822518112E2,1.015157776E3
5.832879902E2,1.015157776E3
5.843257632E2,1.015157776E3
5.853622382E2,1.015156784E3
5.863978342E2,1.015156784E3
5.874348952E2,1.015153046E3
5.884717082E2,1.015145187E3
5.895084682E2,1.015125046E3
5.905455622E2,1.015113525E3
5.915819162E2,1.015099411E3
5.926191262E2,1.015091400E3
5.936564682E2,1.015091400E3
5.946933132E2,1.015099030E3
5.957295702E2,1.015109100E3
5.967666192E2,1.015112228E3
5.978042872E2,1.015119934E3
5.988415892E2,1.015121384E3
5.998782162E2,1.015127258E3
6.009150742E2,1.015138016E3
6.019521052E2,1.015149765E3
6.029875082E2,1.015158615E3
6.040240642E2,1.015170135E3
6.050609862E2,1.015175934E3
6.060966882E2,1.015177994E3
6.071329392E2,1.015177994E3
6.081690182E2,1.015177460E3
6.092052802E2,1.015173874E3
6.102414592E2,1.015170135E3
6.112787702E2,1.015168152E3
6.123139892E2,1.015164871E3
6.133494462E2,1.015164871E3
6.143864872E2,1.015169144E3
6.154229882E2,1.015170059E3
6.164596842E2,1.015170059E3
6.174963552E2,1.015170746E3
6.185326792E2,1.015169220E3
6.195706512E2,1.015166931E3
6.206078512E2,1.015166779E3
6.216453392E2,1.015166931E3
6.226826762E2,1.015170746E3
6.237190312E2,1.015178070E3
6.247555702E2,1.015180740E3
6.257918072E2,1.015180740E3
6.268282042E2,1.015177460E3
6.278646402E2,1.015176315E3
6.289005562E2,1.015174103E3
6.299378362E2,1.015174561E3
6.309743852E2,1.015174561E3
6.320118292E2,1.015174561E3
6.330498372E2,1.015173874E3
6.340861662E2,1.015173645E3
6.351221572E2,1.015170593E3
6.361583212E2,1.015157623E3
6.371942172E2,1.015146255E3
6.382297242E2,1.015136414E3
6.392672692E2,1.015119934E3
6.403039302E2,1.015119705E3
6.413409552E2,1.015119705E3
6.423768002E2,1.015135651E3
6.434142872E2,1.015146484E3
6.444507732E2,1.015169525E3
6.454883832E2,1.015186691E3
6.465260572E2,1.015187302E3
6.475623502E2,1.015187454E3
6.485986842E2,1.015187454E3
6.496347072E2,1.015187454E3
6.506713412E2,1.015185165E3
6.517067052E2,1.015188293E3
6.527429472E2,1.015185165E3
6.537786522E2,1.015183334E3
6.548149802E2,1.015179291E3
6.558511082E2,1.015170822E3
6.568872632E2,1.015170822E3
6.579240422E2,1.015172272E3
6.589605282E2,1.015175323E3
6.599965052E2,1.015176086E3
6.610332332E2,1.015184860E3
6.620692242E2,1.015184860E3
6.631054142E2,1.015182343E3
6.641426212E2,1.015166016E3
6.651787542E2,1.015162201E3
6.662150492E2,1.015152817E3
6.672515752E2,1.015149002E3
6.682881262E2,1.015142975E3
6.693244502E2,1.015142212E3
6.703608202E2,1.015140991E3
6.713976472E2,1.015137024E3
6.724356752E2,1.015135269E3
6.734719432E2,1.015131302E3
6.745090092E2,1.015130005E3
6.755467692E2,1.015128174E3
6.765836812E2,1.015128174E3
6.776206752E2,1.015132141E3
6.786575052E2,1.015135040E3
6.796943262E2,1.015139618E3
6.807309252E2,1.015142517E3
6.817675492E2,1.015142517E3
6.828031982E2,1.015130920E3
6.838395592E2,1.015121307E3
6.848753432E2,1.015119476E3
6.859119492E2,1.015101013E3
6.869482842E2,1.015097580E3
6.879848412E2,1.015097580E3
6.890208452E2,1.015100708E3
6.900584572E2,1.015105743E3
6.910952422E2,1.015107117E3
6.921320922E2,1.015129471E3
6.931693542E2,1.015130234E3
6.942053592E2,1.015130463E3
6.952416572E2,1.015134888E3
6.962787402E2,1.015134888E3
6.973160632E2,1.015130463E3
6.983523972E2,1.015130463E3
6.993884452E2,1.015138779E3
7.004251132E2,1.015143738E3
7.014616722E2,1.015144806E3
7.024981242E2,1.015153961E3
7.035345642E2,1.015159302E3
7.045715972E2,1.015163116E3
7.056081172E2,1.015163116E3
7.066446862E2,1.015160980E3
7.076813452E2,1.015151825E3
7.087171272E2,1.015151443E3
7.097539452E2,1.015135345E3
7.107896002E2,1.015132904E3
7.118267392E2,1.015131226E3
7.128633662E2,1.015131226E3
7.139005052E2,1.015131226E3
7.149371012E2,1.015140610E3
7.159738662E2,1.015140610E3
7.170104572E2,1.015140610E3
7.180463292E2,1.015136948E3
7.190839392E2,1.015144272E3
7.201203992E2,1.015144577E3
7.211565652E2,1.015150528E3
7.221933902E2,1.015166779E3
7.232298532E2,1.015177689E3
7.242656322E2,1.015188065E3
7.253025132E2,1.015188065E3
7.263389702E2,1.015184631E3
7.273747862E2,1.015177765E3
7.284121312E2,1.015163193E3
7.294499932E2,1.015157776E3
7.304870702E2,1.015156403E3
7.315239952E2,1.015153732E3
7.325620172E2,1.015151443E3
7.335979992E2,1.015146942E3
7.346346162E2,1.015143661E3
7.356705382E2,1.015146790E3
7.367068472E2,1.015146790E3
7.377430682E2,1.015151138E3
7.387793512E2,1.015160065E3
7.398154862E2,1.015169296E3
7.408510802E2,1.015169296E3
7.418887812E2,1.015178299E3
7.429248682E2,1.015178833E3
7.439626392E2,1.015183487E3
7.449994702E2,1.015183487E3
7.460354702E2,1.015181885E3
7.470716432E2,1.015181885E3
7.481085022E2,1.015183716E3
7.491455002E2,1.015190735E3
7.501816812E2,1.015191727E3
7.512174452E2,1.015205612E3
7.522540152E2,1.015207672E3
7.532904472E2,1.015207672E3
7.543270372E2,1.015205231E3
7.553626442E2,1.015204315E3
7.563990492E2,1.015203629E3
7.574353682E2,1.015200806E3
7.584725332E2,1.015186386E3
7.595078132E2,1.015182648E3
7.605438202E2,1.015180817E3
7.615798312E2,1.015180054E3
7.626160462E2,1.015180054E3
7.636521152E2,1.015193634E3
7.646890432E2,1.015203247E3
7.657246552E2,1.015208435E3
7.667622902E2,1.015213394E3
7.677983612E2,1.015217438E3
7.688359032E2,1.015217438E3
7.698724562E2,1.015215073E3
7.709093722E2,1.015213394E3
7.719459612E2,1.015213394E3
7.729835512E2,1.015209656E3
7.740204702E2,1.015208740E3
7.750567212E2,1.015207901E3
7.760939772E2,1.015206375E3
7.771309012E2,1.015205154E3
7.781678822E2,1.015204849E3
7.792050982E2,1.015204849E3
7.802419232E2,1.015202255E3
7.812783882E2,1.015200882E3
7.823144282E2,1.015199966E3
7.833505662E2,1.015199966E3
7.843885542E2,1.015196991E3
7.854244542E2,1.015185471E3
7.864619622E2,1.015178680E3
7.874983492E2,1.015162888E3
7.885347412E2,1.015149994E3
7.895707282E2,1.015140533E3
7.906071932E2,1.015137253E3
7.916432432E2,1.015136871E3
7.926801642E2,1.015137253E3
7.937151142E2,1.015137634E3
7.947517792E2,1.015139771E3
7.957878462E2,1.015143661E3
7.968245112E2,1.015147171E3
7.978596792E2,1.015155334E3
7.988962232E2,1.015170593E3
7.999328182E2,1.015183716E3
8.009690982E2,1.015196609E3
8.020066022E2,1.015198669E3
8.030435272E2,1.015198669E3
8.040808712E2,1.015199966E3
8.051165712E2,1.015198364E3
8.061522452E2,1.015193405E3
8.071887532E2,1.015193405E3
8.082257192E2,1.015190506E3
8.092611842E2,1.015186844E3
8.102976322E2,1.015182495E3
8.113354282E2,1.015174103E3
8.123726482E2,1.015173721E3
8.134095012E2,1.015173721E3
8.144453092E2,1.015173721E3
8.154813062E2,1.015174026E3
8.165176982E2,1.015175629E3
8.175537572E2,1.015175858E3
8.185898972E2,1.015183334E3
8.196265872E2,1.015183868E3
8.206627172E2,1.015183868E3
8.216991102E2,1.015183868E3
8.227361072E2,1.015189896E3
8.237726102E2,1.015193558E3
8.248086262E2,1.015195465E3
8.258438872E2,1.015197678E3
8.268800642E2,1.015203171E3
8.279158482E2,1.015203171E3
8.289527062E2,1.015195007E3
8.299893032E2,1.015193405E3
8.310260492E2,1.015189896E3
8.320620082E2,1.015186005E3
8.330977012E2,1.015182495E3
8.341344342E2,1.015182495E3
8.351708762E2,1.015185242E3
8.362073922E2,1.015185623E3
8.372432812E2,1.015187073E3
8.382796072E2,1.015187073E3
8.393156632E2,1.015184708E3
8.403517482E2,1.015164948E3
8.413877122E2,1.015152969E3
8.424237992E2,1.015152817E3
8.434616892E2,1.015150146E3
8.444983542E2,1.015150146E3
8.455345052E2,1.015151443E3
8.465700432E2,1.015163193E3
8.476066722E2,1.015166550E3
8.486435242E2,1.015167236E3
8.496802222E2,1.015177460E3
8.507165692E2,1.015177612E3
8.517539282E2,1.015179062E3
8.527898202E2,1.015178375E3
8.538273282E2,1.015180740E3
8.548644102E2,1.015180588E3
8.559007032E2,1.015180740E3
8.569375542E2,1.015187836E3
8.579729892E2,1.015187836E3
8.590093612E2,1.015187531E3
8.600447322E2,1.015186844E3
8.610808772E2,1.015184937E3
8.621192422E2,1.015184250E3
8.631553632E2,1.015183716E3
8.641911822E2,1.015181885E3
8.652281242E2,1.015183334E3
8.662644452E2,1.015181885E3
8.673010812E2,1.015179596E3
8.683384162E2,1.015174942E3
8.693743162E2,1.015169144E3
8.704110652E2,1.015169144E3
8.714485722E2,1.015167160E3
8.724854182E2,1.015167084E3
8.735224202E2,1.015167084E3
8.745583812E2,1.015165939E3
8.755956062E2,1.015166168E3
8.766314012E2,1.015166168E3
8.776674262E2,1.015168076E3
8.787040022E2,1.015168076E3
8.797402722E2,1.015165939E3
8.807776602E2,1.015158463E3
8.818140192E2,1.015154800E3
8.828502082E2,1.015149384E3
8.838877672E2,1.015149384E3
8.849266892E2,1.015150452E3
8.859632902E2,1.015158997E3
8.870001382E2,1.015165710E3
8.880356112E2,1.015176468E3
8.890725592E2,1.015187225E3
8.901085812E2,1.015188446E3
8.911465782E2,1.015193634E3
8.921826292E2,1.015193634E3
8.932189512E2,1.015188446E3
8.942552172E2,1.015185242E3
8.952913102E2,1.015182114E3
8.963274472E2,1.015178299E3
8.973648052E2,1.015173264E3
8.984013432E2,1.015172577E3
8.994374342E2,1.015172577E3
9.004737912E2,1.015165710E3
9.015115572E2,1.015164871E3
9.025477942E2,1.015162735E3
9.035831082E2,1.015157776E3
9.046204742E2,1.015153809E3
9.056587922E2,1.015152740E3
9.066966652E2,1.015152206E3
9.077325392E2,1.015152740E3
9.087677972E2,1.015154114E3
9.098040652E2,1.015158539E3
9.108398772E2,1.015162201E3
9.118765592E2,1.015167236E3
9.129126422E2,1.015167236E3
9.139486122E2,1.015167999E3
9.149855142E2,1.015172882E3
9.160226932E2,1.015172882E3
9.170589612E2,1.015172882E3
9.180951072E2,1.015170364E3
9.191317622E2,1.015173340E3
9.201681352E2,1.015176849E3
9.212037592E2,1.015178680E3
9.222408042E2,1.015185547E3
9.232766092E2,1.015185547E3
9.243150682E2,1.015185547E3
9.253515662E2,1.015186386E3
9.263877062E2,1.015189972E3
9.274231962E2,1.015190353E3
9.284594032E2,1.015190353E3
9.294950982E2,1.015191879E3
9.305323382E2,1.015191879E3
9.315688672E2,1.015191879E3
9.326047702E2,1.015193939E3
9.336413822E2,1.015194473E3
9.346772192E2,1.015193939E3
9.357133552E2,1.015193634E3
9.367500162E2,1.015190506E3
9.377868972E2,1.015191422E3
9.388236542E2,1.015189056E3
9.398593122E2,1.015183563E3
9.408955682E2,1.015180588E3
9.419322632E2,1.015180588E3
9.429679862E2,1.015182800E3
9.440041592E2,1.015183563E3
9.450400372E2,1.015198059E3
9.460767672E2,1.015199890E3
9.471130832E2,1.015205002E3
9.481494122E2,1.015205002E3
9.491856402E2,1.015199127E3
9.502231202E2,1.015196228E3
9.512593382E2,1.015193405E3
9.522963732E2,1.015191879E3
9.533328172E2,1.015193405E3
9.543688632E2,1.015195312E3
9.554062782E2,1.015195312E3
9.564446792E2,1.015190125E3
9.574811312E2,1.015190048E3
9.585174272E2,1.015184708E3
9.595533622E2,1.015184708E3
9.605897222E2,1.015185699E3
9.616274242E2,1.015192490E3
9.626634172E2,1.015194016E3
9.636996612E2,1.015197144E3
9.647368732E2,1.015198669E3
9.657724692E2,1.015200043E3
9.668097842E2,1.015200043E3
9.678474212E2,1.015199966E3
9.688837242E2,1.015197525E3
9.699196932E2,1.015192261E3
9.709561472E2,1.015190048E3
9.719922382E2,1.015188675E3
9.730291392E2,1.015186462E3
9.740658862E2,1.015186462E3
9.751025122E2,1.015188293E3
9.761383232E2,1.015190735E3
9.771743822E2,1.015192261E3
9.782112772E2,1.015195312E3
9.792468402E2,1.015201950E3
9.802827222E2,1.015201950E3
9.813198142E2,1.015201950E3
9.823566812E2,1.015204773E3
9.833934082E2,1.015208817E3
9.844294622E2,1.015210037E3
9.854667092E2,1.015211639E3
9.865030392E2,1.015211639E3
9.875395222E2,1.015209427E3
9.885757332E2,1.015203400E3
9.896129462E2,1.015193024E3
9.906509512E2,1.015184402E3
9.916875902E2,1.015183182E3
9.927235372E2,1.015179291E3
9.937596142E2,1.015179291E3
9.947962422E2,1.015179749E3
9.958318002E2,1.015183487E3
9.968683762E2,1.015183487E3
9.979051032E2,1.015189972E3
9.989415672E2,1.015188293E3
9.999776522E2,1.015188293E3
1.001014451E3,1.015180588E3
1.002052133E3,1.015175552E3
1.003088727E3,1.015171127E3
1.004125883E3,1.015168839E3
1.005162404E3,1.015166092E3
1.006198519E3,1.015168839E3
1.007234879E3,1.015174408E3
1.008271443E3,1.015174789E3
1.009307229E3,1.015174408E3
1.010343560E3,1.015172348E3
1.011379392E3,1.015169601E3
1.012416722E3,1.015162582E3
1.013452626E3,1.015154800E3
1.014489342E3,1.015152054E3
1.015524739E3,1.015146484E3
1.016560750E3,1.015145569E3
1.017597290E3,1.015146484E3
1.018633487E3,1.015148621E3
1.019669721E3,1.015153732E3
1.020706905E3,1.015155945E3
1.021742867E3,1.015158234E3
1.022779623E3,1.015160904E3
1.023817087E3,1.015164337E3
1.024853326E3,1.015164337E3
1.025889407E3,1.015167999E3
1.026924485E3,1.015166321E3
1.027961583E3,1.015166321E3
1.028997754E3,1.015162888E3
1.030034182E3,1.015162048E3
1.031071443E3,1.015150528E3
1.032108851E3,1.015150528E3
1.033145073E3,1.015150452E3
1.034181784E3,1.015149689E3
1.035218059E3,1.015149689E3
1.036254983E3,1.015152206E3
1.037292337E3,1.015155716E3
1.038327920E3,1.015164337E3
1.039364493E3,1.015170822E3
1.040401439E3,1.015178070E3
1.041438316E3,1.015185242E3
1.042474519E3,1.015185928E3
1.043510860E3,1.015185928E3
1.044546924E3,1.015185928E3
1.045583375E3,1.015190353E3
1.046620096E3,1.015190353E3
1.047657698E3,1.015190353E3
1.048694703E3,1.015186462E3
1.049731727E3,1.015189285E3
1.050768819E3,1.015186462E3
1.051806077E3,1.015186539E3
1.052842452E3,1.015186539E3
1.053879359E3,1.015189438E3
1.054916196E3,1.015197220E3
1.055953007E3,1.015197220E3
1.056989929E3,1.015197220E3
1.058026509E3,1.015195923E3
1.059062627E3,1.015198212E3
1.060099041E3,1.015193253E3
1.061134785E3,1.015194244E3
1.062171546E3,1.015194092E3
1.063207779E3,1.015194244E3
1.064243034E3,1.015196075E3
1.065279665E3,1.015196991E3
1.066315812E3,1.015206070E3
1.067351848E3,1.015208664E3
1.068388538E3,1.015209122E3
1.069424174E3,1.015214539E3
1.070460495E3,1.015218582E3
1.071496620E3,1.015219193E3
1.072533261E3,1.015220337E3
1.073570529E3,1.015220337E3
1.074607077E3,1.015210037E3
1.075643721E3,1.015200119E3
1.076680684E3,1.015192490E3
1.077718144E3,1.015192108E3
1.078754617E3,1.015192108E3
1.079791358E3,1.015190887E3
1.080827130E3,1.015190887E3
1.081863073E3,1.015186844E3
1.082899371E3,1.015185928E3
1.083935880E3,1.015186844E3
1.084971476E3,1.015187302E3
1.086008549E3,1.015194244E3
1.087045210E3,1.015205765E3
1.088082460E3,1.015205765E3
1.089119002E3,1.015205765E3
1.090155224E3,1.015205536E3
1.091191559E3,1.015203018E3
1.092228367E3,1.015201035E3
1.093264406E3,1.015200729E3
1.094300851E3,1.015195541E3
1.095336812E3,1.015194321E3
1.096373311E3,1.015192032E3
1.097409420E3,1.015184860E3
1.098445830E3,1.015178070E3
1.099481635E3,1.015176926E3
1.100519548E3,1.015175323E3
1.101556824E3,1.015175323E3
1.102593481E3,1.015180359E3
1.103629293E3,1.015192261E3
1.104665566E3,1.015192261E3
1.105701279E3,1.015195084E3
1.106737888E3,1.015189896E3
1.107774619E3,1.015193558E3
1.108810444E3,1.015193558E3
1.109847687E3,1.015201645E3
1.110884384E3,1.015211258E3
1.111921571E3,1.015214996E3
1.112959454E3,1.015223923E3
1.113996758E3,1.015223923E3
1.115032919E3,1.015222244E3
1.116069563E3,1.015222244E3
1.117106217E3,1.015241776E3
1.118143367E3,1.015256271E3
1.119179672E3,1.015280609E3
1.120216411E3,1.015307846E3
1.121253143E3,1.015331421E3
1.122289927E3,1.015334015E3
1.123325614E3,1.015347900E3
1.124362639E3,1.015349808E3
1.125400025E3,1.015351028E3
1.126437423E3,1.015352707E3
1.127475333E3,1.015352707E3
1.128513692E3,1.015349579E3
1.129550968E3,1.015349579E3
1.130588698E3,1.015350800E3
1.131626421E3,1.015350800E3
1.132663998E3,1.015350800E3
1.133701563E3,1.015351334E3
1.134738932E3,1.015351944E3
1.135776876E3,1.015353775E3
1.136815309E3,1.015355072E3
1.137852241E3,1.015354080E3
1.138889833E3,1.015354080E3
1.139927503E3,1.015352554E3
1.140964680E3,1.015349426E3
1.142001966E3,1.015348969E3
1.143038654E3,1.015348969E3
1.144075769E3,1.015348969E3
1.145113718E3,1.015346756E3
1.146152490E3,1.015344162E3
1.147190930E3,1.015344162E3
1.148228817E3,1.015343857E3
1.149266796E3,1.015345612E3
1.150305692E3,1.015349808E3
1.151345442E3,1.015350113E3
1.152383756E3,1.015349808E3
1.153421525E3,1.015343094E3
1.154461368E3,1.015341110E3
1.155500903E3,1.015338974E3
1.156539370E3,1.015338974E3
1.157575453E3,1.015339203E3
1.158613582E3,1.015339203E3
1.159650610E3,1.015338974E3
1.160687244E3,1.015338593E3
1.161724891E3,1.015336227E3
1.162762851E3,1.015335922E3
1.163800829E3,1.015335922E3
1.164838026E3,1.015335922E3
1.165874565E3,1.015336838E3
1.166911889E3,1.015339966E3
1.167949622E3,1.015344620E3
1.168986240E3,1.015350647E3
1.170023709E3,1.015354080E3
1.171061085E3,1.015356903E3
1.172098957E3,1.015358124E3
1.173135843E3,1.015358124E3
1.174173693E3,1.015356293E3
1.175209959E3,1.015354156E3
1.176247663E3,1.015351105E3
1.177284588E3,1.015348663E3
1.178320726E3,1.015347748E3
1.179358767E3,1.015346756E3
1.180398759E3,1.015346146E3
1.181436548E3,1.015346375E3
1.182474735E3,1.015345535E3
1.183512613E3,1.015345535E3
1.184550013E3,1.015341492E3
1.185587550E3,1.015340424E3
1.186625775E3,1.015338211E3
1.187663320E3,1.015336685E3
1.188700314E3,1.015332031E3
1.189738171E3,1.015332031E3
1.190775971E3,1.015332184E3
1.191812973E3,1.015332642E3
1.192850738E3,1.015333099E3
1.193888107E3,1.015334320E3
1.194924109E3,1.015337753E3
1.195961223E3,1.015337753E3
1.196999557E3,1.015337143E3
1.198037170E3,1.015335617E3
1.199075157E3,1.015335388E3
1.200111255E3,1.015333252E3
1.201148086E3,1.015333252E3
1.202185184E3,1.015335007E3
1.203225017E3,1.015337753E3
1.204260953E3,1.015339737E3
1.205297731E3,1.015340424E3
1.206335192E3,1.015343170E3
1.207372291E3,1.015343781E3
1.208410940E3,1.015343781E3
1.209449253E3,1.015338669E3
1.210487810E3,1.015335846E3
1.211527748E3,1.015333481E3
1.212565372E3,1.015333405E3
1.213604210E3,1.015333405E3
1.214642476E3,1.015336304E3
1.215681740E3,1.015340652E3
1.216720856E3,1.015342026E3
1.217760778E3,1.015342789E3
1.218798873E3,1.015345306E3
1.219836976E3,1.015345917E3
1.220875071E3,1.015345917E3
1.221913249E3,1.015345917E3
1.222951621E3,1.015345001E3
1.223991190E3,1.015344543E3
1.225031173E3,1.015343552E3
1.226069370E3,1.015342636E3
1.227109917E3,1.015342636E3
1.228148985E3,1.015342636E3
1.229187236E3,1.015342560E3
1.230226184E3,1.015342331E3
1.231264837E3,1.015341721E3
1.232304487E3,1.015341339E3
1.233344126E3,1.015341339E3
1.234381887E3,1.015341873E3
1.235421366E3,1.015342712E3
1.236460414E3,1.015342941E3
1.237499623E3,1.015343170E3
1.238537155E3,1.015343170E3
1.239576594E3,1.015341415E3
1.240615550E3,1.015339127E3
1.241655241E3,1.015339127E3
1.242694984E3,1.015339050E3
1.243733732E3,1.015339203E3
1.244772408E3,1.015339813E3
1.245810575E3,1.015342331E3
1.246850656E3,1.015344925E3
1.247889099E3,1.015346603E3
1.248928205E3,1.015349884E3
1.249967282E3,1.015352173E3
1.251006936E3,1.015354996E3
1.252045727E3,1.015359116E3
1.253084498E3,1.015360947E3
1.254123171E3,1.015361099E3
1.255160903E3,1.015360947E3
1.256200054E3,1.015358887E3
1.257239403E3,1.015357666E3
1.258279493E3,1.015356903E3
1.259317310E3,1.015356674E3
1.260355625E3,1.015355682E3
1.261394643E3,1.015354691E3
1.262433533E3,1.015353546E3
1.263471639E3,1.015351028E3
1.264510808E3,1.015350952E3
1.265551089E3,1.015350571E3
1.266590236E3,1.015350571E3
1.267629427E3,1.015350571E3
1.268667435E3,1.015351334E3
1.269706238E3,1.015351334E3
1.270744672E3,1.015349197E3
1.271782231E3,1.015346527E3
1.272820763E3,1.015346298E3
1.273858494E3,1.015345383E3
1.274896477E3,1.015345383E3
1.275934519E3,1.015346527E3
1.276972319E3,1.015346985E3
1.278011351E3,1.015348587E3
1.279049177E3,1.015348587E3
1.280086952E3,1.015349121E3
1.281125130E3,1.015348206E3
1.282163882E3,1.015349121E3
1.283202291E3,1.015349121E3
1.284240408E3,1.015351181E3
1.285278890E3,1.015352631E3
1.286316893E3,1.015353775E3
1.287356429E3,1.015356216E3
1.288394905E3,1.015356216E3
1.289434841E3,1.015355759E3
1.290472640E3,1.015355530E3
1.291512422E3,1.015355530E3
1.292549545E3,1.015355530E3
1.293589526E3,1.015352325E3
1.294628781E3,1.015352097E3
1.295669907E3,1.015352097E3
1.296708086E3,1.015356293E3
1.297744812E3,1.015356522E3
1.298783401E3,1.015359344E3
1.299822910E3,1.015364761E3
1.300861079E3,1.015368042E3
1.301899355E3,1.015368042E3
1.302938100E3,1.015363693E3
1.303976429E3,1.015361328E3
1.305014367E3,1.015359421E3
1.306052699E3,1.015359344E3
1.307091079E3,1.015359421E3
1.308129839E3,1.015360947E3
1.309169257E3,1.015360947E3
1.310207932E3,1.015360336E3
1.311247411E3,1.015357285E3
1.312286212E3,1.015349884E3
1.313324281E3,1.015346146E3
1.314364867E3,1.015343475E3
1.315404010E3,1.015343323E3
1.316442847E3,1.015342712E3
1.317480382E3,1.015341110E3
1.318519526E3,1.015340805E3
1.319558971E3,1.015338135E3
1.320597432E3,1.015335770E3
1.321635117E3,1.015333023E3
1.322673526E3,1.015332031E3
1.323711644E3,1.015327911E3
1.324750604E3,1.015327530E3
1.325788529E3,1.015327225E3
1.326826747E3,1.015325775E3
1.327864489E3,1.015324783E3
1.328903052E3,1.015324783E3
1.329941714E3,1.015325012E3
1.330980689E3,1.015325775E3
1.332018445E3,1.015325851E3
1.333057373E3,1.015326614E3
1.334096122E3,1.015327225E3
1.335134583E3,1.015327606E3
1.336171987E3,1.015327606E3
1.337209621E3,1.015326309E3
1.338247510E3,1.015326309E3
1.339285671E3,1.015328293E3
1.340323077E3,1.015330963E3
1.341360805E3,1.015332184E3
1.342398944E3,1.015334778E3
1.343436613E3,1.015338211E3
1.344475608E3,1.015338211E3
1.345512920E3,1.015335846E3
1.346550832E3,1.015334854E3
1.347588736E3,1.015332718E3
1.348628768E3,1.015329437E3
1.349666530E3,1.015327988E3
1.350704154E3,1.015326767E3
1.351742494E3,1.015325928E3
1.352780694E3,1.015325928E3
1.353819247E3,1.015326233E3
1.354858833E3,1.015326233E3
1.355897875E3,1.015326080E3
1.356936516E3,1.015326080E3
1.357975193E3,1.015326233E3
1.359013021E3,1.015326233E3
1.360053503E3,1.015327072E3
1.361093143E3,1.015327072E3
1.362132738E3,1.015327530E3
1.363171426E3,1.015327072E3
1.364211302E3,1.015326996E3
1.365251261E3,1.015326996E3
1.366290217E3,1.015326996E3
1.367327592E3,1.015326843E3
1.368366738E3,1.015326385E3
1.369405032E3,1.015326385E3
1.370442956E3,1.015330353E3
1.371480634E3,1.015330582E3
1.372519471E3,1.015330658E3
1.373557452E3,1.015334167E3
1.374596629E3,1.015334167E3
1.375634803E3,1.015332413E3
1.376672901E3,1.015332413E3
1.377711348E3,1.015333405E3
1.378750842E3,1.015333405E3
1.379789190E3,1.015333176E3
1.380827365E3,1.015331039E3
1.381865983E3,1.015328751E3
1.382904289E3,1.015328445E3
1.383943640E3,1.015328293E3
1.384983232E3,1.015328445E3
1.386023575E3,1.015328598E3
1.387061822E3,1.015330658E3
1.388101099E3,1.015331650E3
1.389139135E3,1.015331650E3
1.390177537E3,1.015331573E3
1.391215246E3,1.015331573E3
1.392253530E3,1.015331573E3
1.393290801E3,1.015332260E3
1.394329921E3,1.015333557E3
1.395368688E3,1.015334778E3
1.396407045E3,1.015335999E3
1.397444739E3,1.015336838E3
1.398483565E3,1.015336838E3
1.399521850E3,1.015333862E3
1.400560229E3,1.015331039E3
1.401598946E3,1.015331039E3
1.402637720E3,1.015331879E3
1.403676527E3,1.015331879E3
1.404716029E3,1.015331879E3
1.405754995E3,1.015330811E3
1.406792466E3,1.015330658E3
1.407830438E3,1.015327911E3
1.408869033E3,1.015326080E3
1.409907772E3,1.015326080E3
1.410946267E3,1.015327682E3
1.411984550E3,1.015327682E3
1.413022932E3,1.015328445E3
1.414060853E3,1.015332184E3
1.415099079E3,1.015332184E3
1.416137175E3,1.015330353E3
1.417176436E3,1.015329361E3
1.418216985E3,1.015329361E3
1.419256589E3,1.015329361E3
1.420295623E3,1.015324860E3
1.421333513E3,1.015324860E3
1.422371067E3,1.015329132E3
1.423408899E3,1.015329132E3
1.424446962E3,1.015329361E3
1.425484737E3,1.015329437E3
1.426523402E3,1.015329437E3
1.427562273E3,1.015328598E3
1.428599736E3,1.015328598E3
1.429637920E3,1.015328598E3
1.430675846E3,1.015328445E3
1.431714309E3,1.015327835E3
1.432752331E3,1.015326691E3
1.433788900E3,1.015326691E3
1.434827082E3,1.015325775E3
1.435864697E3,1.015325470E3
1.436903068E3,1.015325775E3
1.437941010E3,1.015328674E3
1.438978296E3,1.015330276E3
1.440016426E3,1.015331573E3
1.441055840E3,1.015333481E3
1.442094892E3,1.015333481E3
1.443133332E3,1.015330048E3
1.444170910E3,1.015325012E3
1.445211603E3,1.015324707E3
1.446251444E3,1.015324707E3
1.447290814E3,1.015327225E3
1.448330342E3,1.015327225E3
1.449368995E3,1.015328369E3
1.450407638E3,1.015327377E3
1.451446319E3,1.015327377E3
1.452484417E3,1.015326233E3
1.453522922E3,1.015326233E3
1.454561631E3,1.015330734E3
1.455599303E3,1.015330734E3
1.456637179E3,1.015328827E3
1.457675714E3,1.015328827E3
1.458713787E3,1.015327988E3
1.459751489E3,1.015325851E3
1.460789650E3,1.015325851E3
1.461827270E3,1.015325775E3
1.462865223E3,1.015325928E3
1.463903140E3,1.015325775E3
1.464940660E3,1.015324707E3
1.465978888E3,1.015321121E3
1.467017129E3,1.015318832E3
1.468054441E3,1.015318604E3
1.469093465E3,1.015318069E3
1.470132752E3,1.015317688E3
1.471170981E3,1.015317688E3
1.472209934E3,1.015317688E3
1.473247737E3,1.015316772E3
1.474286597E3,1.015315323E3
1.475323384E3,1.015315323E3
1.476362651E3,1.015315323E3
1.477401620E3,1.015311279E3
1.478440281E3,1.015296402E3
1.479479512E3,1.015280075E3
1.480519075E3,1.015255356E3
1.481557731E3,1.015232544E3
1.482596592E3,1.015218277E3
1.483635181E3,1.015211105E3
1.484673612E3,1.015211105E3
1.485711687E3,1.015212936E3
1.486750657E3,1.015216751E3
1.487789568E3,1.015219498E3
1.488828273E3,1.015219955E3
1.489866537E3,1.015219955E3
1.490904670E3,1.015219040E3
1.491944528E3,1.015218811E3
1.492982633E3,1.015215607E3
1.494020708E3,1.015215225E3
1.495059476E3,1.015213852E3
1.496099263E3,1.015213852E3
1.497137059E3,1.015216980E3
1.498175676E3,1.015217361E3
1.499213777E3,1.015220642E3
1.500251755E3,1.015221786E3
1.501289582E3,1.015222015E3
1.502328941E3,1.015225067E3
1.503367250E3,1.015222015E3
1.504405596E3,1.015225067E3
1.505443094E3,1.015221786E3
1.506481862E3,1.015224991E3
1.507521053E3,1.015224991E3
1.508559611E3,1.015227127E3
1.509597476E3,1.015229340E3
1.510636985E3,1.015227585E3
1.511675578E3,1.015231476E3
1.512713433E3,1.015228348E3
1.513752568E3,1.015232239E3
1.514791008E3,1.015229416E3
1.515829669E3,1.015232239E3
1.516869029E3,1.015232697E3
1.517908713E3,1.015232697E3
1.518947337E3,1.015233765E3
1.519984921E3,1.015237350E3
1.521022997E3,1.015237427E3
1.522061499E3,1.015237427E3
1.523099412E3,1.015239410E3
1.524138722E3,1.015234604E3
1.525176056E3,1.015234985E3
1.526215544E3,1.015232086E3
1.527253246E3,1.015231781E3
1.528292118E3,1.015229721E3
1.529330347E3,1.015229416E3
1.530369610E3,1.015229416E3
1.531408631E3,1.015227814E3
1.532447699E3,1.015228806E3
1.533486984E3,1.015226288E3
1.534524237E3,1.015221558E3
1.535562538E3,1.015221329E3
1.536602219E3,1.015216980E3
1.537640719E3,1.015213089E3
1.538678088E3,1.015212936E3
1.539716405E3,1.015210571E3
1.540755822E3,1.015208817E3
1.541793586E3,1.015210571E3
1.542832508E3,1.015213470E3
1.543870158E3,1.015215149E3
1.544908311E3,1.015215912E3
1.545945841E3,1.015221405E3
1.546983508E3,1.015224915E3
1.548022671E3,1.015224915E3
1.549060803E3,1.015225449E3
1.550098819E3,1.015218811E3
1.551136953E3,1.015216675E3
1.552175570E3,1.015216599E3
1.553213823E3,1.015209503E3
1.554253121E3,1.015208740E3
1.555291830E3,1.015205917E3
1.556330296E3,1.015203934E3
1.557369495E3,1.015202637E3
1.558407031E3,1.015203934E3
1.559445436E3,1.015205002E3
1.560483046E3,1.015207977E3
1.561520389E3,1.015212173E3
1.562558266E3,1.015212631E3
1.563596212E3,1.015215988E3
1.564635014E3,1.015217743E3
1.565672711E3,1.015218353E3
1.566711214E3,1.015220261E3
1.567749308E3,1.015220337E3
1.568788599E3,1.015221405E3
1.569826943E3,1.015220337E3
1.570866042E3,1.015222397E3
1.571905019E3,1.015222702E3
1.572942920E3,1.015223923E3
1.573980605E3,1.015222702E3
1.575018823E3,1.015223923E3
1.576056437E3,1.015220261E3
1.577095157E3,1.015223389E3
1.578132799E3,1.015219345E3
1.579171507E3,1.015223389E3
1.580209148E3,1.015217819E3
1.581247973E3,1.015222549E3
1.582287236E3,1.015216827E3
1.583327046E3,1.015222549E3
1.584365086E3,1.015220337E3
1.585404656E3,1.015224762E3
1.586442792E3,1.015223923E3
1.587481048E3,1.015227509E3
1.588519532E3,1.015225296E3
1.589558431E3,1.015225296E3
1.590596653E3,1.015224533E3
1.591635745E3,1.015223160E3
1.592674803E3,1.015222321E3
1.593714070E3,1.015219421E3
1.594752879E3,1.015222321E3
1.595791349E3,1.015218201E3
1.596830456E3,1.015219498E3
1.597868216E3,1.015218201E3
1.598906996E3,1.015217896E3
1.599946571E3,1.015217896E3
1.600985366E3,1.015217743E3
1.602023807E3,1.015218658E3
1.603062571E3,1.015223389E3
1.604100886E3,1.015226288E3
1.605140090E3,1.015230560E3
1.606178772E3,1.015233841E3
1.607217297E3,1.015237503E3
1.608257014E3,1.015238571E3
1.609294783E3,1.015241089E3
1.610332386E3,1.015243683E3
1.611371077E3,1.015241089E3
1.612411604E3,1.015240555E3
1.613451362E3,1.015238724E3
1.614489428E3,1.015233688E3
1.615528633E3,1.015230331E3
1.616567979E3,1.015226288E3
1.617606069E3,1.015226288E3
1.618643806E3,1.015226288E3
1.619682523E3,1.015226746E3
1.620722636E3,1.015228958E3
1.621761747E3,1.015229568E3
1.622800388E3,1.015231323E3
1.623839313E3,1.015234680E3
1.624878819E3,1.015238342E3
1.625916558E3,1.015241013E3
1.626955014E3,1.015242081E3
1.627995222E3,1.015249329E3
1.629033355E3,1.015246124E3
1.630072831E3,1.015249405E3
1.631111018E3,1.015246124E3
1.632149700E3,1.015239334E3
1.633188931E3,1.015238342E3
1.634227704E3,1.015235672E3
1.635267204E3,1.015228271E3
1.636305157E3,1.015223923E3
1.637344115E3,1.015219879E3
1.638383463E3,1.015217514E3
1.639422950E3,1.015206833E3
1.640461931E3,1.015206604E3
1.641500734E3,1.015201035E3
1.642538968E3,1.015199890E3
1.643577116E3,1.015201035E3
1.644616132E3,1.015209427E3
1.645654626E3,1.015213089E3
1.646693032E3,1.015223389E3
1.647730914E3,1.015225143E3
1.648769586E3,1.015229034E3
1.649808427E3,1.015229034E3
1.650847030E3,1.015229034E3
1.651887447E3,1.015221481E3
1.652926193E3,1.015219498E3
1.653966216E3,1.015208969E3
1.655005146E3,1.015208817E3
1.656042885E3,1.015208969E3
1.657082252E3,1.015209198E3
1.658121291E3,1.015210724E3
1.659159431E3,1.015218964E3
1.660199487E3,1.015220718E3
1.661238388E3,1.015221939E3
1.662277141E3,1.015225067E3
1.663315464E3,1.015222321E3
1.664353414E3,1.015222702E3
1.665392649E3,1.015222702E3
1.666432094E3,1.015225372E3
1.667470140E3,1.015225372E3
1.668508924E3,1.015225372E3
1.669547821E3,1.015224304E3
1.670586126E3,1.015219116E3
1.671624510E3,1.015221329E3
1.672663587E3,1.015217133E3
1.673703022E3,1.015221329E3
1.674742592E3,1.015219498E3
1.675781552E3,1.015219498E3
1.676820874E3,1.015219116E3
1.677860503E3,1.015217819E3
1.678898700E3,1.015214386E3
1.679938660E3,1.015212326E3
1.680977932E3,1.015212326E3
1.682015944E3,1.015206985E3
1.683054045E3,1.015213165E3
1.684092250E3,1.015213165E3
1.685130901E3,1.015214767E3
1.686170809E3,1.015217590E3
1.687209335E3,1.015222015E3
1.688246950E3,1.015217819E3
1.689284842E3,1.015219955E3
1.690323284E3,1.015217819E3
1.691362677E3,1.015217819E3
1.692401349E3,1.015213776E3
1.693440914E3,1.015217819E3
1.694479845E3,1.015215225E3
1.695518527E3,1.015219040E3
1.696558675E3,1.015215225E3
1.697597016E3,1.015219421E3
1.698635706E3,1.015214539E3
1.699675516E3,1.015219498E3
1.700714083E3,1.015216751E3
1.701753230E3,1.015219498E3
1.702792136E3,1.015217133E3
1.703830700E3,1.015217133E3
1.704870200E3,1.015212784E3
1.705908766E3,1.015210037E3
1.706947168E3,1.015205612E3
1.707986427E3,1.015203629E3
1.709025601E3,1.015203018E3
1.710064633E3,1.015199661E3
1.711102599E3,1.015203018E3
1.712141042E3,1.015199661E3
1.713179486E3,1.015204239E3
1.714219384E3,1.015203857E3
1.715258991E3,1.015207596E3
1.716296983E3,1.015203857E3
1.717337062E3,1.015204697E3
1.718376414E3,1.015200119E3
1.719415038E3,1.015204697E3
1.720453835E3,1.015204620E3
1.721492303E3,1.015206299E3
1.722530896E3,1.015213394E3
1.723568915E3,1.015214539E3
1.724608080E3,1.015214996E3
1.725647511E3,1.015214996E3
1.726685185E3,1.015214539E3
1.727722983E3,1.015212021E3
1.728760750E3,1.015214539E3
1.729799703E3,1.015211868E3
1.730837795E3,1.015215759E3
1.731876748E3,1.015213013E3
1.732914634E3,1.015215759E3
1.733953553E3,1.015213013E3
1.734991411E3,1.015217743E3
1.736029328E3,1.015212326E3
1.737068144E3,1.015214615E3
1.738107706E3,1.015212326E3
1.739146972E3,1.015213776E3
1.740186879E3,1.015210190E3
1.741225659E3,1.015211792E3
1.742264980E3,1.015210419E3
1.743303588E3,1.015211792E3
1.744343054E3,1.015212555E3
1.745381004E3,1.015213394E3
1.746419274E3,1.015214233E3
1.747457785E3,1.015217056E3
1.748496216E3,1.015216370E3
1.749534278E3,1.015216522E3
1.750573038E3,1.015216370E3
1.751611792E3,1.015216522E3
1.752651146E3,1.015216751E3
1.753689120E3,1.015219116E3
1.754727612E3,1.015219116E3
1.755766640E3,1.015218811E3
1.756804526E3,1.015197983E3
1.757842947E3,1.015191116E3
1.758883168E3,1.015188522E3
1.759922482E3,1.015187225E3
1.760963223E3,1.015187225E3
1.762001281E3,1.015208817E3
1.763040989E3,1.015223618E3
1.764079321E3,1.015228271E3
1.765118745E3,1.015228271E3
1.766159088E3,1.015228729E3
1.767197118E3,1.015227890E3
1.768235133E3,1.015226517E3
1.769273341E3,1.015226517E3
1.770311916E3,1.015228271E3
1.771350947E3,1.015229874E3
1.772389338E3,1.015229950E3
1.773427252E3,1.015234528E3
1.774466528E3,1.015234528E3
1.775504292E3,1.015233154E3
1.776541863E3,1.015233154E3
1.777580417E3,1.015230331E3
1.778619370E3,1.015232697E3
1.779658614E3,1.015232697E3
1.780697100E3,1.015234070E3
1.781735566E3,1.015234070E3
1.782773950E3,1.015237732E3
1.783811992E3,1.015234146E3
1.784850502E3,1.015236053E3
1.785890755E3,1.015235138E3
1.786929188E3,1.015235825E3
1.787966989E3,1.015235138E3
1.789007259E3,1.015235825E3
1.790046553E3,1.015233154E3
1.791084958E3,1.015232620E3
1.792124478E3,1.015230179E3
1.793162820E3,1.015229950E3
1.794201962E3,1.015225983E3
1.795240425E3,1.015224609E3
1.796279046E3,1.015223618E3
1.797319076E3,1.015217972E3
1.798357301E3,1.015219803E3
1.799395399E3,1.015216217E3
1.800434554E3,1.015219116E3
1.801473054E3,1.015214844E3
1.802511258E3,1.015217361E3
1.803549698E3,1.015215836E3
1.804588044E3,1.015217361E3
1.805627161E3,1.015220642E3
1.806666424E3,1.015220642E3
1.807704948E3,1.015220642E3
1.808744008E3,1.015223541E3
1.809782231E3,1.015226135E3
1.810821277E3,1.015223846E3
1.811859924E3,1.015228348E3
1.812898642E3,1.015223846E3
1.813937380E3,1.015225601E3
1.814976911E3,1.015220261E3
1.816015557E3,1.015219803E3
1.817054453E3,1.015215378E3
1.818093841E3,1.015215759E3
1.819132853E3,1.015211563E3
1.820171169E3,1.015214844E3
1.821209245E3,1.015211639E3
1.822249113E3,1.015214844E3
1.823287091E3,1.015215530E3
1.824327092E3,1.015217133E3
1.825366577E3,1.015217819E3
1.826407002E3,1.015217819E3
1.827444947E3,1.015215759E3
1.828482930E3,1.015214539E3
1.829520944E3,1.015211945E3
1.830559201E3,1.015211258E3
1.831597913E3,1.015210953E3
1.832636929E3,1.015209427E3
1.833674998E3,1.015210953E3
1.834713168E3,1.015209427E3
1.835753301E3,1.015213089E3
1.836793098E3,1.015210953E3
1.837833301E3,1.015215988E3
1.838872134E3,1.015210953E3
1.839911002E3,1.015215149E3
1.840949497E3,1.015209427E3
1.841989137E3,1.015209045E3
1.843028057E3,1.015207214E3
1.844067039E3,1.015205154E3
1.845106409E3,1.015198212E3
1.846145674E3,1.015200424E3
1.847183287E3,1.015195923E3
1.848220929E3,1.015199966E3
1.849260131E3,1.015194473E3
1.850299666E3,1.015199966E3
1.851338382E3,1.015196381E3
1.852377339E3,1.015200119E3
1.853416784E3,1.015199890E3
1.854454489E3,1.015201111E3
1.855492500E3,1.015202408E3
1.856532337E3,1.015202866E3
1.857571360E3,1.015202408E3
1.858610444E3,1.015200653E3
1.859649443E3,1.015200272E3
1.860688342E3,1.015200272E3
1.861726934E3,1.015202179E3
1.862765004E3,1.015203094E3
1.863804770E3,1.015204239E3
1.864844246E3,1.015203094E3
1.865883417E3,1.015204010E3
1.866922366E3,1.015198364E3
1.867960013E3,1.015202332E3
1.868999069E3,1.015202332E3
1.870037305E3,1.015203094E3
1.871076784E3,1.015205460E3
1.872115253E3,1.015206070E3
1.873154638E3,1.015205460E3
1.874193441E3,1.015203552E3
1.875231521E3,1.015199509E3
1.876271186E3,1.015199509E3
1.877310473E3,1.015200348E3
1.878348907E3,1.015201950E3
1.879389305E3,1.015203552E3
1.880428721E3,1.015208588E3
1.881468254E3,1.015208740E3
1.882507302E3,1.015209427E3
1.883544859E3,1.015211868E3
1.884585014E3,1.015209427E3
1.885623579E3,1.015209656E3
1.886662206E3,1.015207977E3
1.887700791E3,1.015207214E3
1.888740179E3,1.015207214E3
1.889779288E3,1.015208664E3
1.890819369E3,1.015209579E3
1.891857998E3,1.015209579E3
1.892896925E3,1.015209656E3
1.893934947E3,1.015210724E3
1.894973382E3,1.015210342E3
1.896012224E3,1.015210342E3
1.897051471E3,1.015210342E3
1.898090514E3,1.015207214E3
1.899130776E3,1.015205841E3
1.900169411E3,1.015205841E3
1.901208250E3,1.015207367E3
1.902247618E3,1.015207367E3
1.903286516E3,1.015212936E3
1.904324625E3,1.015210571E3
1.905365381E3,1.015212936E3
1.906404582E3,1.015210571E3
1.907443049E3,1.015213470E3
1.908483196E3,1.015207901E3
1.909522333E3,1.015213470E3
1.910562784E3,1.015209427E3
1.911601014E3,1.015216675E3
1.912640883E3,1.015213013E3
1.913679105E3,1.015217438E3
1.914716996E3,1.015213013E3
1.915756001E3,1.015217438E3
1.916794039E3,1.015214615E3
1.917831550E3,1.015219040E3
1.918870325E3,1.015217743E3
1.919908855E3,1.015221024E3
1.920946928E3,1.015217743E3
1.921985794E3,1.015221024E3
1.923023929E3,1.015217209E3
1.924063065E3,1.015222015E3
1.925101169E3,1.015222931E3
1.926140911E3,1.015224304E3
1.927180334E3,1.015222931E3
1.928219282E3,1.015221710E3
1.929257355E3,1.015218964E3
1.930296702E3,1.015221176E3
1.931335847E3,1.015218964E3
1.932375046E3,1.015221176E3
1.933412731E3,1.015220184E3
1.934452093E3,1.015223923E3
1.935491594E3,1.015220184E3
1.936530152E3,1.015222626E3
1.937569750E3,1.015218582E3
1.938609220E3,1.015222626E3
1.939648944E3,1.015218582E3
1.940687443E3,1.015222931E3
1.941725203E3,1.015218124E3
1.942763310E3,1.015217743E3
1.943801746E3,1.015215454E3
1.944839537E3,1.015209122E3
1.945879176E3,1.015206451E3
1.946919078E3,1.015201263E3
1.947957356E3,1.015199661E3
1.948995356E3,1.015199051E3
1.950034125E3,1.015191498E3
1.951073482E3,1.015197830E3
1.952111403E3,1.015196457E3
1.953149481E3,1.015197830E3
1.954187759E3,1.015196457E3
1.955226147E3,1.015200348E3
1.956263603E3,1.015198593E3
1.957303264E3,1.015200348E3
1.958342030E3,1.015198593E3
1.959379739E3,1.015202179E3
1.960419031E3,1.015198593E3
1.961458147E3,1.015199509E3
1.962496070E3,1.015198593E3
1.963535189E3,1.015195007E3
1.964573811E3,1.015193863E3
1.965612980E3,1.015194626E3
1.966652447E3,1.015191650E3
1.967690456E3,1.015191879E3
1.968728952E3,1.015190887E3
1.969768521E3,1.015189514E3
1.970808147E3,1.015188370E3
1.971847527E3,1.015188370E3
1.972886582E3,1.015188446E3
1.973925092E3,1.015188904E3
1.974964651E3,1.015192795E3
1.976002171E3,1.015192871E3
1.977040307E3,1.015193405E3
1.978080088E3,1.015192871E3
1.979118870E3,1.015187912E3
1.980157178E3,1.015186234E3
1.981196046E3,1.015183182E3
1.982235490E3,1.015179901E3
1.983275015E3,1.015177307E3
1.984313392E3,1.015177078E3
1.985351832E3,1.015175095E3
1.986391185E3,1.015174789E3
1.987429037E3,1.015174789E3
1.988469005E3,1.015174942E3
1.989507073E3,1.015175934E3
1.990546598E3,1.015175934E3
1.991585594E3,1.015178757E3
1.992624241E3,1.015181274E3
1.993663258E3,1.015182266E3
1.994701663E3,1.015183182E3
1.995740535E3,1.015182266E3
1.996778669E3,1.015178375E3
1.997815797E3,1.015161819E3
1.998855022E3,1.015159683E3
1.999892764E3,1.015161819E3
2.000931377E3,1.015152588E3
2.001969687E3,1.015156403E3
2.003007976E3,1.015156403E3
2.004047627E3,1.015167694E3
2.005086915E3,1.015168991E3
2.006124375E3,1.015171661E3
2.007162880E3,1.015192032E3
2.008200416E3,1.015197601E3
2.009238480E3,1.015198822E3
2.010276132E3,1.015198822E3
2.011314453E3,1.015198822E3
2.012354018E3,1.015195160E3
2.013392325E3,1.015186844E3
2.014430945E3,1.015180893E3
2.015468521E3,1.015179062E3
2.016508943E3,1.015177078E3
2.017546958E3,1.015175705E3
2.018587011E3,1.015176315E3
2.019626061E3,1.015176315E3
2.020665093E3,1.015177307E3
2.021704500E3,1.015177689E3
2.022743027E3,1.015181580E3
2.023781524E3,1.015188446E3
2.024819966E3,1.015189209E3
2.025858371E3,1.015191650E3
2.026896471E3,1.015192261E3
2.027934553E3,1.015192261E3
2.028973542E3,1.015192261E3
2.030011377E3,1.015196991E3
2.031049400E3,1.015196991E3
2.032087354E3,1.015196991E3
2.033127046E3,1.015198746E3
2.034166516E3,1.015198746E3
2.035205960E3,1.015193863E3
2.036244617E3,1.015193863E3
2.037282559E3,1.015202332E3
2.038321275E3,1.015203171E3
2.039361726E3,1.015203171E3
2.040399212E3,1.015206070E3
2.041437071E3,1.015206070E3
2.042475298E3,1.015207520E3
2.043515538E3,1.015207520E3
2.044555161E3,1.015207520E3
2.045593325E3,1.015207901E3
2.046632802E3,1.015205765E3
2.047671303E3,1.015203629E3
2.048708884E3,1.015202637E3
2.049746703E3,1.015202484E3
2.050786642E3,1.015201416E3
2.051826179E3,1.015201416E3
2.052865448E3,1.015201874E3
2.053905205E3,1.015201874E3
2.054943484E3,1.015196991E3
2.055982303E3,1.015196686E3
2.057021262E3,1.015192642E3
2.058060617E3,1.015192642E3
2.059100672E3,1.015192642E3
2.060138126E3,1.015192032E3
2.061177176E3,1.015191193E3
2.062215582E3,1.015190506E3
2.063254506E3,1.015189056E3
2.064294092E3,1.015189056E3
2.065333599E3,1.015194016E3
2.066372250E3,1.015194016E3
2.067410819E3,1.015193634E3
2.068449642E3,1.015193100E3
2.069488847E3,1.015192642E3
2.070527130E3,1.015188522E3
2.071566829E3,1.015188522E3
2.072604416E3,1.015188522E3
2.073642761E3,1.015188751E3
2.074681102E3,1.015188751E3
2.075719022E3,1.015188751E3
2.076756758E3,1.015188217E3
2.077795592E3,1.015187683E3
2.078834556E3,1.015187683E3
2.079873496E3,1.015187683E3
2.080912235E3,1.015188065E3
2.081951558E3,1.015190353E3
2.082990916E3,1.015191040E3
2.084029168E3,1.015191040E3
2.085068006E3,1.015188446E3
2.086106202E3,1.015185318E3
2.087144583E3,1.015185318E3
2.088182952E3,1.015190659E3
2.089220970E3,1.015191650E3
2.090259037E3,1.015192642E3
2.091297511E3,1.015192642E3
2.092336891E3,1.015190735E3
2.093374871E3,1.015190277E3
2.094413369E3,1.015190277E3
2.095453117E3,1.015191040E3
2.096491076E3,1.015191422E3
2.097529937E3,1.015194473E3
2.098567760E3,1.015196075E3
2.099605523E3,1.015196304E3
2.100643258E3,1.015196304E3
2.101680817E3,1.015199890E3
2.102719911E3,1.015199890E3
2.103758984E3,1.015197906E3
2.104797364E3,1.015197906E3
2.105835403E3,1.015197906E3
2.106874877E3,1.015198746E3
2.107912741E3,1.015199966E3
2.108951237E3,1.015200653E3
2.109990182E3,1.015201492E3
2.111027468E3,1.015201492E3
2.112066182E3,1.015201111E3
2.113105262E3,1.015199966E3
2.114142811E3,1.015199966E3
2.115181085E3,1.015199890E3
2.116219425E3,1.015196686E3
2.117258234E3,1.015193481E3
2.118295542E3,1.015192719E3
2.119333852E3,1.015192413E3
2.120372668E3,1.015192413E3
2.121411380E3,1.015193863E3
2.122449024E3,1.015194473E3
2.123487342E3,1.015195007E3
2.124526111E3,1.015195236E3
2.125564400E3,1.015195694E3
2.126602644E3,1.015196304E3
2.127639838E3,1.015196304E3
2.128679137E3,1.015198364E3
2.129716724E3,1.015201187E3
2.130754619E3,1.015205231E3
2.131793338E3,1.015209579E3
2.132831924E3,1.015209579E3
2.133871158E3,1.015210419E3
2.134908829E3,1.015206985E3
2.135948060E3,1.015203781E3
2.136987075E3,1.015196762E3
2.138025897E3,1.015195694E3
2.139065714E3,1.015192642E3
2.140103021E3,1.015186234E3
2.141140668E3,1.015186234E3
2.142179209E3,1.015187225E3
2.143217125E3,1.015187988E3
2.144257762E3,1.015188904E3
2.145296721E3,1.015190506E3
2.146334799E3,1.015191422E3
2.147372898E3,1.015191422E3
2.148410840E3,1.015191269E3
2.149448046E3,1.015188522E3
2.150486716E3,1.015188522E3
2.151524700E3,1.015188522E3
2.152563874E3,1.015187836E3
2.153603039E3,1.015187836E3
2.154641331E3,1.015189209E3
2.155679303E3,1.015190735E3
2.156718924E3,1.015191193E3
2.157758071E3,1.015193176E3
2.158796862E3,1.015194321E3
2.159834873E3,1.015194473E3
2.160874595E3,1.015195541E3
2.161912754E3,1.015196381E3
2.162951646E3,1.015196609E3
2.163990492E3,1.015196838E3
2.165029630E3,1.015196762E3
2.166069124E3,1.015196762E3
2.167107113E3,1.015196609E3
2.168145428E3,1.015195160E3
2.169184948E3,1.015193634E3
2.170224764E3,1.015192719E3
2.171262839E3,1.015192642E3
2.172301365E3,1.015191422E3
2.173339510E3,1.015191422E3
2.174377094E3,1.015192413E3
2.175415987E3,1.015193634E3
2.176456466E3,1.015192413E3
2.177495628E3,1.015190811E3
2.178535663E3,1.015190353E3
2.179574488E3,1.015190353E3
2.180612956E3,1.015190735E3
2.181649991E3,1.015191956E3
2.182687814E3,1.015192413E3
2.183726735E3,1.015192413E3
2.184764318E3,1.015191727E3
2.185803190E3,1.015188675E3
2.186843178E3,1.015187988E3
2.187881403E3,1.015187225E3
2.188920621E3,1.015187225E3
2.189961708E3,1.015187225E3
2.191000753E3,1.015189590E3
2.192038167E3,1.015191498E3
2.193076842E3,1.015192261E3
2.194115108E3,1.015192490E3
2.195153214E3,1.015192490E3
2.196191909E3,1.015190506E3
2.197231110E3,1.015190506E3
2.198270317E3,1.015194321E3
2.199311375E3,1.015197830E3
2.200351096E3,1.015199890E3
2.201389074E3,1.015203857E3
2.202428251E3,1.015203857E3
2.203466502E3,1.015203247E3
2.204504363E3,1.015202026E3
2.205544731E3,1.015201645E3
2.206582931E3,1.015201645E3
2.207623049E3,1.015201492E3
2.208661393E3,1.015201416E3
2.209699344E3,1.015199127E3
2.210738608E3,1.015197525E3
2.211778820E3,1.015196991E3
2.212816160E3,1.015196991E3
2.213855360E3,1.015196991E3
2.214894861E3,1.015197830E3
2.215933267E3,1.015198364E3
2.216973220E3,1.015198364E3
2.218012576E3,1.015198364E3
2.219051223E3,1.015198288E3
2.220091495E3,1.015197449E3
2.221130502E3,1.015197449E3
2.222169895E3,1.015195999E3
2.223209007E3,1.015195618E3
2.224247197E3,1.015195618E3
2.225285785E3,1.015195160E3
2.226324119E3,1.015195160E3
2.227362415E3,1.015196075E3
2.228401198E3,1.015197983E3
2.229440796E3,1.015199966E3
2.230479354E3,1.015201874E3
2.231518626E3,1.015202026E3
2.232556882E3,1.015202026E3
2.233595463E3,1.015202026E3
2.234634575E3,1.015201950E3
2.235672860E3,1.015200348E3
2.236712603E3,1.015198822E3
2.237751105E3,1.015196838E3
2.238791106E3,1.015196838E3
2.239829420E3,1.015196838E3
2.240867088E3,1.015196075E3
2.241906015E3,1.015195084E3
2.242944838E3,1.015193939E3
2.243982819E3,1.015193176E3
2.245021228E3,1.015190277E3
2.246059267E3,1.015190277E3
2.247099559E3,1.015192795E3
2.248139245E3,1.015195084E3
2.249177343E3,1.015194016E3
2.250216970E3,1.015194016E3
2.251256645E3,1.015189133E3
2.252295016E3,1.015178528E3
2.253332719E3,1.015173950E3
2.254370791E3,1.015164795E3
2.255409076E3,1.015160904E3
2.256447822E3,1.015160904E3
2.257485770E3,1.015161819E3
2.258523628E3,1.015162964E3
2.259563160E3,1.015163956E3
2.260602911E3,1.015168533E3
2.261643033E3,1.015168839E3
2.262680973E3,1.015170517E3
2.263721186E3,1.015174789E3
2.264760076E3,1.015178375E3
2.265797771E3,1.015178375E3
2.266836997E3,1.015180511E3
2.267874871E3,1.015181961E3
2.268912724E3,1.015181961E3
2.269950648E3,1.015182266E3
2.270991394E3,1.015182266E3
2.272030950E3,1.015185318E3
2.273069016E3,1.015187302E3
2.274108479E3,1.015189133E3
2.275146878E3,1.015191574E3
2.276184427E3,1.015191574E3
2.277221981E3,1.015190811E3
2.278259743E3,1.015189133E3
2.279297664E3,1.015188828E3
2.280336286E3,1.015186691E3
2.281374719E3,1.015185928E3
2.282413917E3,1.015184250E3
2.283451409E3,1.015182114E3
2.284489693E3,1.015180893E3
2.285527005E3,1.015178757E3
2.286567016E3,1.015178757E3
2.287604731E3,1.015179749E3
2.288642701E3,1.015180435E3
2.289680406E3,1.015181046E3
2.290718457E3,1.015181198E3
2.291756981E3,1.015181198E3
2.292795514E3,1.015178528E3
2.293833340E3,1.015176926E3
2.294871405E3,1.015176926E3
2.295909906E3,1.015176086E3
2.296948126E3,1.015176773E3
2.297986866E3,1.015176392E3
2.299024524E3,1.015176544E3
2.300062748E3,1.015176544E3
2.301100708E3,1.015177460E3
2.302138894E3,1.015178680E3
2.303176693E3,1.015179062E3
2.304213698E3,1.015180588E3
2.305251072E3,1.015180588E3
2.306289183E3,1.015179138E3
2.307326700E3,1.015178757E3
2.308364705E3,1.015178757E3
2.309402859E3,1.015180511E3
2.310441323E3,1.015181656E3
2.311478818E3,1.015183487E3
2.312519486E3,1.015185165E3
2.313558683E3,1.015185165E3
2.314598215E3,1.015184708E3
2.315637231E3,1.015184708E3
2.316674475E3,1.015184708E3
2.317712458E3,1.015184631E3
2.318751658E3,1.015184631E3
2.319789601E3,1.015184784E3
2.320829742E3,1.015184784E3
2.321868585E3,1.015184784E3
2.322906742E3,1.015187225E3
2.323944456E3,1.015187225E3
2.324982400E3,1.015187225E3
2.326020258E3,1.015187225E3
2.327059427E3,1.015187225E3
2.328099141E3,1.015184784E3
2.329139409E3,1.015184631E3
2.330178731E3,1.015183563E3
2.331216180E3,1.015182724E3
2.332254620E3,1.015181961E3
2.333293874E3,1.015178833E3
2.334332895E3,1.015178452E3
2.335370723E3,1.015178452E3
2.336408621E3,1.015178452E3
2.337447516E3,1.015178375E3
2.338485308E3,1.015177307E3
2.339522573E3,1.015172424E3
2.340561467E3,1.015153351E3
2.341600017E3,1.015148163E3
2.342639063E3,1.015148163E3
2.343675761E3,1.015149155E3
2.344714953E3,1.015153580E3
2.345753412E3,1.015166779E3
2.346791783E3,1.015177765E3
2.347829759E3,1.015177994E3
2.348868098E3,1.015178833E3
2.349906418E3,1.015178833E3
2.350942927E3,1.015179520E3
2.351980852E3,1.015179520E3
2.353019404E3,1.015179520E3
2.354057443E3,1.015189133E3
2.355096599E3,1.015202713E3
2.356135737E3,1.015221405E3
2.357174262E3,1.015240097E3
2.358212207E3,1.015263672E3
2.359250155E3,1.015281754E3
2.360289488E3,1.015284729E3
2.361328296E3,1.015291748E3
2.362366606E3,1.015293655E3
2.363403887E3,1.015295105E3
2.364443053E3,1.015299530E3
2.365481297E3,1.015305634E3
2.366520067E3,1.015313873E3
2.367559516E3,1.015323105E3
2.368598252E3,1.015328598E3
2.369636417E3,1.015330353E3
2.370675851E3,1.015330353E3
2.371713869E3,1.015322876E3
2.372752301E3,1.015320358E3
2.373791093E3,1.015309219E3
2.374830330E3,1.015299988E3
2.375869530E3,1.015294189E3
2.376908576E3,1.015290146E3
2.377947399E3,1.015290146E3
2.378986695E3,1.015292053E3
2.380025951E3,1.015296173E3
2.381063811E3,1.015299530E3
2.382103036E3,1.015299530E3
2.383142181E3,1.015299301E3
2.384180829E3,1.015298386E3
2.385219539E3,1.015294952E3
2.386258684E3,1.015288925E3
2.387297216E3,1.015287323E3
2.388335550E3,1.015287323E3
2.389374434E3,1.015287323E3
2.390414730E3,1.015288925E3
2.391453287E3,1.015294113E3
2.392491583E3,1.015299606E3
2.393532129E3,1.015303192E3
2.394570443E3,1.015303192E3
2.395609398E3,1.015301208E3
2.396648653E3,1.015296326E3
2.397688346E3,1.015296326E3
2.398727182E3,1.015298309E3
2.399766772E3,1.015307846E3
2.400804996E3,1.015313187E3
2.401842347E3,1.015313950E3
2.402880816E3,1.015318222E3
2.403920023E3,1.015318222E3
2.404958167E3,1.015311737E3
2.405996245E3,1.015311737E3
2.407035341E3,1.015311661E3
2.408074475E3,1.015311661E3
2.409113315E3,1.015310516E3
2.410152689E3,1.015309601E3
2.411191004E3,1.015307846E3
2.412231034E3,1.015307159E3
2.413269039E3,1.015307159E3
2.414307301E3,1.015308228E3
2.415347010E3,1.015308838E3
2.416386461E3,1.015309906E3
2.417424964E3,1.015310516E3
2.418464861E3,1.015310516E3
2.419503520E3,1.015312042E3
2.420541145E3,1.015312042E3
2.421578829E3,1.015312042E3
2.422617939E3,1.015312653E3
2.423657326E3,1.015312653E3
2.424696256E3,1.015311432E3
2.425735006E3,1.015305252E3
2.426773745E3,1.015294037E3
2.427811552E3,1.015289230E3
2.428850875E3,1.015287628E3
2.429889620E3,1.015284119E3
2.430928219E3,1.015284119E3
2.431966235E3,1.015293350E3
2.433004949E3,1.015294037E3
2.434043291E3,1.015295105E3
2.435082485E3,1.015298843E3
2.436120950E3,1.015301056E3
2.437159572E3,1.015301056E3
2.438198807E3,1.015296936E3
2.439238191E3,1.015291519E3
2.440277239E3,1.015290985E3
2.441315789E3,1.015289307E3
2.442354867E3,1.015289307E3
2.443393484E3,1.015296402E3
2.444431355E3,1.015301895E3
2.445469981E3,1.015313187E3
2.446507989E3,1.015318375E3
2.447545819E3,1.015321960E3
2.448583800E3,1.015324249E3
2.449622756E3,1.015326080E3
2.450662136E3,1.015326080E3
2.451700751E3,1.015326080E3
2.452739801E3,1.015326614E3
2.453779124E3,1.015329971E3
2.454817701E3,1.015329971E3
2.455855922E3,1.015328598E3
2.456895052E3,1.015327911E3
2.457933695E3,1.015327682E3
2.458973263E3,1.015327682E3
2.460012716E3,1.015326996E3
2.461051727E3,1.015326309E3
2.462090471E3,1.015325623E3
2.463129029E3,1.015324249E3
2.464167614E3,1.015320587E3
2.465207180E3,1.015320587E3
2.466246048E3,1.015323486E3
2.467284946E3,1.015325012E3
2.468322533E3,1.015327911E3
2.469361062E3,1.015330276E3
2.470400130E3,1.015333023E3
2.471438148E3,1.015333023E3
2.472476582E3,1.015332260E3
2.473514468E3,1.015330658E3
2.474554974E3,1.015330200E3
2.475592832E3,1.015329895E3
2.476631151E3,1.015329514E3
2.477670991E3,1.015329361E3
2.478709548E3,1.015328979E3
2.479748416E3,1.015327988E3
2.480786485E3,1.015326767E3
2.481825534E3,1.015325165E3
2.482864587E3,1.015324783E3
2.483902150E3,1.015323944E3
2.484940405E3,1.015323410E3
2.485979542E3,1.015320435E3
2.487018292E3,1.015310822E3
2.488056571E3,1.015304413E3
2.489095620E3,1.015296402E3
2.490133514E3,1.015288925E3
2.491172585E3,1.015285645E3
2.492211337E3,1.015285645E3
2.493249494E3,1.015286026E3
2.494289463E3,1.015287018E3
2.495327751E3,1.015290451E3
2.496367453E3,1.015294800E3
2.497405425E3,1.015300827E3
2.498442957E3,1.015306244E3
2.499480696E3,1.015307083E3
2.500520669E3,1.015307083E3
2.501558440E3,1.015299606E3
2.502597525E3,1.015296402E3
2.503637490E3,1.015293350E3
2.504676332E3,1.015293350E3
2.505714016E3,1.015295181E3
2.506752872E3,1.015295181E3
2.507790827E3,1.015297241E3
2.508829295E3,1.015294113E3
2.509867300E3,1.015299149E3
2.510906922E3,1.015298309E3
2.511946911E3,1.015299377E3
2.512987396E3,1.015304108E3
2.514026141E3,1.015312805E3
2.515065029E3,1.015318069E3
2.516103718E3,1.015324860E3
2.517143370E3,1.015328979E3
2.518180950E3,1.015328979E3
2.519219874E3,1.015327988E3
2.520257521E3,1.015326462E3
2.521295841E3,1.015324783E3
2.522335010E3,1.015324249E3
2.523372944E3,1.015324783E3
2.524411382E3,1.015326385E3
2.525450423E3,1.015326996E3
2.526488496E3,1.015326996E3
2.527527923E3,1.015326996E3
2.528566449E3,1.015325623E3
2.529605038E3,1.015325012E3
2.530645604E3,1.015322647E3
2.531684379E3,1.015322266E3
2.532722996E3,1.015322189E3
2.533762911E3,1.015321655E3
2.534802428E3,1.015321655E3
2.535840957E3,1.015323563E3
2.536878792E3,1.015323944E3
2.537916573E3,1.015324249E3
2.538955653E3,1.015324249E3
2.539993929E3,1.015322876E3
2.541033321E3,1.015320587E3
2.542071577E3,1.015308685E3
2.543111019E3,1.015301666E3
2.544149180E3,1.015293732E3
2.545187406E3,1.015289001E3
2.546225518E3,1.015289001E3
2.547263711E3,1.015301590E3
2.548301978E3,1.015312042E3
2.549339511E3,1.015317535E3
2.550377451E3,1.015323792E3
2.551416318E3,1.015323792E3
2.552455091E3,1.015321198E3
2.553493457E3,1.015316467E3
2.554531030E3,1.015315704E3
2.555570141E3,1.015315704E3
2.556609194E3,1.015317230E3
2.557648265E3,1.015319138E3
2.558686274E3,1.015321121E3
2.559725083E3,1.015321884E3
2.560764444E3,1.015321121E3
2.561802815E3,1.015322037E3
2.562840381E3,1.015320435E3
2.563879544E3,1.015322037E3
2.564919088E3,1.015322647E3
2.565957235E3,1.015325775E3
2.566997355E3,1.015328598E3
2.568036159E3,1.015329514E3
2.569074596E3,1.015330276E3
2.570112839E3,1.015330353E3
2.571151090E3,1.015330353E3
2.572189476E3,1.015330582E3
2.573228999E3,1.015330582E3
2.574268743E3,1.015329132E3
2.575307397E3,1.015328598E3
2.576346975E3,1.015326691E3
2.577385604E3,1.015325546E3
2.578424103E3,1.015324020E3
2.579463635E3,1.015324020E3
2.580501356E3,1.015324020E3
2.581539639E3,1.015322800E3
2.582578818E3,1.015309830E3
2.583617521E3,1.015305176E3
2.584655481E3,1.015301895E3
2.585693498E3,1.015296173E3
2.586732311E3,1.015296173E3
2.587771902E3,1.015297775E3
2.588810679E3,1.015297928E3
2.589847893E3,1.015306473E3
2.590887031E3,1.015306473E3
2.591924895E3,1.015304947E3
2.592963080E3,1.015295105E3
2.594002422E3,1.015286942E3
2.595042690E3,1.015265808E3
2.596080762E3,1.015254593E3
2.597121158E3,1.015244141E3
2.598159221E3,1.015240707E3
2.599197931E3,1.015239105E3
2.600235625E3,1.015239105E3
2.601274024E3,1.015240631E3
2.602311653E3,1.015240936E3
2.603350610E3,1.015240631E3
2.604388201E3,1.015240936E3
2.605426424E3,1.015240173E3
2.606465687E3,1.015241928E3
2.607504249E3,1.015241776E3
2.608542404E3,1.015241928E3
2.609579983E3,1.015242157E3
2.610619457E3,1.015242157E3
2.611657376E3,1.015241013E3
2.612696173E3,1.015241013E3
2.613735013E3,1.015243378E3
2.614773787E3,1.015245285E3
2.615812437E3,1.015245819E3
2.616850712E3,1.015245819E3
2.617889014E3,1.015243073E3
2.618927202E3,1.015240250E3
2.619965373E3,1.015239105E3
2.621004914E3,1.015235062E3
2.622043565E3,1.015235062E3
2.623081209E3,1.015235062E3
2.624120041E3,1.015235901E3
2.625159036E3,1.015240479E3
2.626197536E3,1.015245056E3
2.627235062E3,1.015250702E3
2.628274196E3,1.015255737E3
2.629312243E3,1.015255737E3
2.630351567E3,1.015253754E3
2.631390442E3,1.015253754E3
2.632428402E3,1.015253754E3
2.633466932E3,1.015251923E3
2.634505645E3,1.015251923E3
2.635544055E3,1.015256805E3
2.636583102E3,1.015257263E3
2.637621356E3,1.015257263E3
2.638660804E3,1.015259399E3
2.639698743E3,1.015259476E3
2.640738802E3,1.015259476E3
2.641777599E3,1.015262146E3
2.642816829E3,1.015263214E3
2.643856460E3,1.015264893E3
2.644894964E3,1.015264893E3
2.645933740E3,1.015264893E3
2.646973248E3,1.015261993E3
2.648012657E3,1.015259399E3
2.649052586E3,1.015258484E3
2.650090779E3,1.015258484E3
2.651130042E3,1.015263062E3
2.652168546E3,1.015267639E3
2.653207724E3,1.015277710E3
2.654246960E3,1.015284882E3
2.655286864E3,1.015293503E3
2.656324844E3,1.015297165E3
2.657363709E3,1.015299225E3
2.658401632E3,1.015299225E3
2.659439614E3,1.015298004E3
2.660478232E3,1.015290985E3
2.661515760E3,1.015281372E3
2.662553643E3,1.015275955E3
2.663593168E3,1.015271225E3
2.664632372E3,1.015271225E3
2.665671606E3,1.015273361E3
2.666710287E3,1.015274353E3
2.667748540E3,1.015280228E3
2.668786523E3,1.015280228E3
2.669827127E3,1.015276031E3
2.670865169E3,1.015272751E3
2.671903900E3,1.015271606E3
2.672941133E3,1.015263290E3
2.673980272E3,1.015260696E3
2.675019075E3,1.015260696E3
2.676058799E3,1.015261688E3
2.677098395E3,1.015261688E3
2.678136759E3,1.015261078E3
2.679175776E3,1.015261078E3
2.680215174E3,1.015261078E3
2.681253162E3,1.015261078E3
2.682292912E3,1.015261230E3
2.683332636E3,1.015263214E3
2.684371167E3,1.015263290E3
2.685410003E3,1.015263290E3
2.686448530E3,1.015261612E3
2.687488803E3,1.015257797E3
2.688527364E3,1.015256577E3
2.689566473E3,1.015256500E3
2.690604757E3,1.015256577E3
2.691643116E3,1.015258942E3
2.692680639E3,1.015261993E3
2.693719280E3,1.015266266E3
2.694758206E3,1.015267563E3
2.695797435E3,1.015267639E3
2.696835108E3,1.015269852E3
2.697873446E3,1.015271606E3
2.698913447E3,1.015272598E3
2.699951328E3,1.015272598E3
2.700991112E3,1.015272064E3
2.702031322E3,1.015271454E3
2.703069292E3,1.015270615E3
2.704108432E3,1.015271149E3
2.705147154E3,1.015271149E3
2.706185891E3,1.015274582E3
2.707224970E3,1.015279617E3
2.708263725E3,1.015282059E3
2.709302320E3,1.015284119E3
2.710341305E3,1.015284119E3
2.711381422E3,1.015285797E3
2.712419462E3,1.015284500E3
2.713457713E3,1.015284576E3
2.714495781E3,1.015284576E3
2.715535193E3,1.015287247E3
2.716573024E3,1.015287247E3
2.717612319E3,1.015287323E3
2.718651565E3,1.015287323E3
2.719689623E3,1.015287323E3
2.720728094E3,1.015287018E3
2.721767674E3,1.015287018E3
2.722804849E3,1.015289230E3
2.723842599E3,1.015292053E3
2.724880555E3,1.015293732E3
2.725918968E3,1.015293732E3
2.726957743E3,1.015293732E3
2.727997059E3,1.015292816E3
2.729035010E3,1.015292816E3
2.730073996E3,1.015292816E3
2.731111502E3,1.015291901E3
2.732149682E3,1.015290146E3
2.733188809E3,1.015287170E3
2.734226457E3,1.015286407E3
2.735265483E3,1.015286407E3
2.736303613E3,1.015287781E3
2.737341784E3,1.015288696E3
2.738380319E3,1.015295944E3
2.739420613E3,1.015295944E3
2.740459318E3,1.015295181E3
2.741498976E3,1.015293579E3
2.742537132E3,1.015289764E3
2.743575505E3,1.015289688E3
2.744614277E3,1.015289688E3
2.745652946E3,1.015293732E3
2.746692117E3,1.015294647E3
2.747730459E3,1.015298386E3
2.748769560E3,1.015303650E3
2.749808512E3,1.015304947E3
2.750847001E3,1.015304947E3
2.751884964E3,1.015304108E3
2.752925025E3,1.015303650E3
2.753964704E3,1.015301971E3
2.755003447E3,1.015299988E3
2.756042540E3,1.015299988E3
2.757080582E3,1.015301895E3
2.758119585E3,1.015302124E3
2.759157653E3,1.015302124E3
2.760195067E3,1.015302429E3
2.761232825E3,1.015302429E3
2.762271265E3,1.015289612E3
2.763311348E3,1.015287018E3
2.764349216E3,1.015287018E3
2.765386981E3,1.015280457E3
2.766425649E3,1.015280457E3
2.767464730E3,1.015281754E3
2.768503222E3,1.015282135E3
2.769541905E3,1.015283279E3
2.770580737E3,1.015283356E3
2.771619480E3,1.015283813E3
2.772658377E3,1.015285339E3
2.773697079E3,1.015285339E3
2.774736099E3,1.015285339E3
2.775773454E3,1.015283585E3
2.776811473E3,1.015281754E3
2.777850826E3,1.015279999E3
2.778888746E3,1.015279388E3
2.779925513E3,1.015279388E3
2.780965381E3,1.015280151E3
2.782003885E3,1.015282822E3
2.783042737E3,1.015282974E3
2.784080715E3,1.015283279E3
2.785118641E3,1.015284042E3
2.786158784E3,1.015285645E3
2.787198229E3,1.015286102E3
2.788236792E3,1.015287399E3
2.789275196E3,1.015289307E3
2.790312757E3,1.015289307E3
2.791351716E3,1.015289307E3
2.792391035E3,1.015289307E3
2.793429909E3,1.015289612E3
2.794468591E3,1.015289764E3
2.795506879E3,1.015292435E3
2.796545044E3,1.015294037E3
2.797583417E3,1.015296860E3
2.798622531E3,1.015298462E3
2.799661826E3,1.015298462E3
2.800699466E3,1.015295563E3
2.801738597E3,1.015290985E3
2.802776787E3,1.015290146E3
2.803815872E3,1.015289001E3
2.804855281E3,1.015288010E3
2.805895036E3,1.015288010E3
2.806933933E3,1.015288315E3
2.807972316E3,1.015288315E3
2.809010936E3,1.015282822E3
2.810049045E3,1.015279617E3
2.811088401E3,1.015278091E3
2.812127116E3,1.015274887E3
2.813165711E3,1.015271759E3
2.814204430E3,1.015271759E3
2.815243260E3,1.015273590E3
2.816282823E3,1.015274200E3
2.817321285E3,1.015275192E3
2.818358757E3,1.015275192E3
2.819397063E3,1.015274963E3
2.820435011E3,1.015272980E3
2.821473668E3,1.015270538E3
2.822512521E3,1.015270538E3
2.823550840E3,1.015272827E3
2.824588847E3,1.015276642E3
2.825626979E3,1.015278015E3
2.826665296E3,1.015278168E3
2.827704100E3,1.015278168E3
2.828742213E3,1.015278168E3
2.829780771E3,1.015276489E3
2.830819551E3,1.015273056E3
2.831857807E3,1.015272141E3
2.832896903E3,1.015270920E3
2.833935899E3,1.015270844E3
2.834974209E3,1.015270920E3
2.836012249E3,1.015272827E3
2.837050899E3,1.015272827E3
2.838088582E3,1.015272446E3
2.839127036E3,1.015269012E3
2.840165717E3,1.015268402E3
2.841204640E3,1.015268402E3
2.842242498E3,1.015268860E3
2.843280420E3,1.015272064E3
2.844317726E3,1.015273438E3
2.845355946E3,1.015273438E3
2.846393775E3,1.015272903E3
2.847432556E3,1.015271149E3
2.848471217E3,1.015267181E3
2.849508879E3,1.015267029E3
2.850546728E3,1.015265350E3
2.851585446E3,1.015265350E3
2.852624034E3,1.015269775E3
2.853662265E3,1.015272217E3
2.854699974E3,1.015272217E3
2.855739358E3,1.015272827E3
2.856777532E3,1.015271378E3
2.857816503E3,1.015270920E3
2.858855034E3,1.015269623E3
2.859893314E3,1.015269623E3
2.860932910E3,1.015270538E3
2.861971804E3,1.015271683E3
2.863011434E3,1.015271683E3
2.864050569E3,1.015274582E3
2.865089740E3,1.015274811E3
2.866128151E3,1.015275116E3
2.867167327E3,1.015275192E3
2.868206797E3,1.015275345E3
2.869244164E3,1.015275345E3
2.870282944E3,1.015274200E3
2.871321721E3,1.015274200E3
2.872359611E3,1.015274582E3
2.873398082E3,1.015274658E3
2.874435880E3,1.015274658E3
2.875474163E3,1.015274887E3
2.876511895E3,1.015280228E3
2.877550820E3,1.015283585E3
2.878589286E3,1.015286026E3
2.879627159E3,1.015289764E3
2.880667804E3,1.015291519E3
2.881704619E3,1.015291519E3
2.882743300E3,1.015291290E3
2.883780737E3,1.015290833E3
2.884818813E3,1.015289764E3
2.885856893E3,1.015289154E3
2.886895393E3,1.015287323E3
2.887933183E3,1.015287323E3
2.888973530E3,1.015286484E3
2.890012483E3,1.015286713E3
2.891050163E3,1.015286484E3
2.892088535E3,1.015284882E3
2.893127580E3,1.015283737E3
2.894166718E3,1.015280991E3
2.895205354E3,1.015278549E3
2.896243657E3,1.015277252E3
2.897281654E3,1.015276108E3
2.898319346E3,1.015276108E3
2.899356917E3,1.015276108E3
2.900394934E3,1.015276108E3
2.901433870E3,1.015273819E3
2.902471638E3,1.015273819E3
2.903508948E3,1.015273819E3
2.904547870E3,1.015272980E3
2.905585952E3,1.015272903E3
2.906625491E3,1.015272903E3
2.907663658E3,1.015272903E3
2.908701822E3,1.015272903E3
2.909740505E3,1.015271225E3
2.910779123E3,1.015269012E3
2.911818154E3,1.015266571E3
2.912856794E3,1.015266266E3
2.913895656E3,1.015265808E3
2.914933518E3,1.015265427E3
2.915972230E3,1.015265808E3
2.917010028E3,1.015267792E3
2.918049192E3,1.015270081E3
2.919087506E3,1.015270233E3
2.920126608E3,1.015272980E3
2.921164923E3,1.015272980E3
2.922203306E3,1.015272980E3
2.923241014E3,1.015271301E3
2.924276649E3,1.015269318E3
2.925313581E3,1.015264816E3
2.926351122E3,1.015264816E3
2.927387551E3,1.015265656E3
2.928424946E3,1.015265656E3
2.929461135E3,1.015261002E3
2.930496979E3,1.015259247E3
2.931533486E3,1.015256882E3
2.932569724E3,1.015254898E3
2.933607030E3,1.015254898E3
2.934644096E3,1.015257339E3
2.935681527E3,1.015264511E3
2.936717920E3,1.015269165E3
2.937753615E3,1.015271606E3
2.938791618E3,1.015271606E3
2.939828805E3,1.015270844E3
2.940866062E3,1.015270004E3
2.941903062E3,1.015269699E3
2.942939775E3,1.015269241E3
2.943976885E3,1.015269241E3
2.945014745E3,1.015270996E3
2.946052444E3,1.015271378E3
2.947091564E3,1.015274582E3
2.948127615E3,1.015274811E3
2.949165200E3,1.015275116E3
2.950202806E3,1.015275803E3
2.951240175E3,1.015276642E3
2.952278281E3,1.015279007E3
2.953314059E3,1.015282593E3
2.954351066E3,1.015284882E3
2.955387430E3,1.015286407E3
2.956423606E3,1.015288315E3
2.957461190E3,1.015289612E3
2.958497492E3,1.015293732E3
2.959533857E3,1.015297623E3
2.960571080E3,1.015298538E3
2.961608922E3,1.015299377E3
2.962648456E3,1.015298538E3
2.963686108E3,1.015298462E3
2.964724753E3,1.015295486E3
2.965762363E3,1.015295486E3
2.966800403E3,1.015298004E3
2.967838760E3,1.015298004E3
2.968878870E3,1.015295944E3
2.969917086E3,1.015295944E3
2.970954868E3,1.015296097E3
2.971992816E3,1.015296402E3
2.973030956E3,1.015296936E3
2.974069366E3,1.015296402E3
2.975108499E3,1.015295639E3
2.976147084E3,1.015292130E3
2.977187381E3,1.015288315E3
2.978224971E3,1.015288162E3
2.979262962E3,1.015287704E3
2.980301724E3,1.015287704E3
2.981339423E3,1.015290146E3
2.982378988E3,1.015290146E3
2.983416876E3,1.015289612E3
2.984455468E3,1.015287704E3
2.985494275E3,1.015286789E3
2.986533234E3,1.015283813E3
2.987572678E3,1.015283813E3
2.988611304E3,1.015284882E3
2.989650070E3,1.015286484E3
2.990688021E3,1.015288467E3
2.991725692E3,1.015288467E3
2.992763672E3,1.015290146E3
2.993801136E3,1.015290146E3
2.994839290E3,1.015290146E3
2.995879010E3,1.015290833E3
2.996917306E3,1.015290833E3
2.997955928E3,1.015288467E3
2.998993689E3,1.015286560E3
3.000032895E3,1.015282822E3
3.001071143E3,1.015280609E3
3.002108788E3,1.015279160E3
3.003148177E3,1.015278473E3
3.004185983E3,1.015279007E3
3.005224994E3,1.015279007E3
3.006262625E3,1.015280609E3
3.007300539E3,1.015281830E3
3.008339033E3,1.015283279E3
3.009377456E3,1.015284348E3
3.010415528E3,1.015287399E3
3.011454419E3,1.015287628E3
3.012492886E3,1.015288010E3
3.013531648E3,1.015289001E3
3.014569041E3,1.015288010E3
3.015607081E3,1.015286865E3
3.016645084E3,1.015286713E3
3.017682791E3,1.015285950E3
3.018721418E3,1.015285797E3
3.019759490E3,1.015285950E3
3.020798600E3,1.015288467E3
3.021836403E3,1.015289383E3
3.022875393E3,1.015289383E3
3.023913329E3,1.015289307E3
3.024952248E3,1.015285721E3
3.025991019E3,1.015285721E3
3.027028692E3,1.015283127E3
3.028066544E3,1.015281754E3
3.029105283E3,1.015281677E3
3.030145094E3,1.015279694E3
3.031183621E3,1.015279388E3
3.032222028E3,1.015278854E3
3.033260800E3,1.015276947E3
3.034299176E3,1.015276794E3
3.035336757E3,1.015275650E3
3.036374687E3,1.015275345E3
3.037412859E3,1.015275345E3
3.038451514E3,1.015275269E3
3.039489642E3,1.015272522E3
3.040528901E3,1.015270233E3
3.041566928E3,1.015270233E3
3.042604716E3,1.015270538E3
3.043642964E3,1.015270920E3
3.044681185E3,1.015273590E3
3.045719413E3,1.015273590E3
3.046756847E3,1.015265808E3
3.047795231E3,1.015256577E3
3.048834743E3,1.015253448E3
3.049873422E3,1.015246582E3
3.050912283E3,1.015240936E3
3.051950269E3,1.015240936E3
3.052989118E3,1.015240936E3
3.054027813E3,1.015242233E3
3.055065274E3,1.015242233E3
3.056103801E3,1.015243378E3
3.057142886E3,1.015247345E3
3.058181291E3,1.015249634E3
3.059219777E3,1.015251846E3
3.060258520E3,1.015251846E3
3.061296313E3,1.015251846E3
3.062334483E3,1.015252228E3
3.063373656E3,1.015252609E3
3.064413359E3,1.015253067E3
3.065451831E3,1.015256119E3
3.066490789E3,1.015257874E3
3.067528710E3,1.015258026E3
3.068566846E3,1.015258026E3
3.069605555E3,1.015257339E3
3.070644663E3,1.015256882E3
3.071683143E3,1.015255814E3
3.072722337E3,1.015254822E3
3.073760984E3,1.015254822E3
3.074799157E3,1.015255051E3
3.075838591E3,1.015255280E3
3.076878894E3,1.015255051E3
3.077917486E3,1.015254669E3
3.078956809E3,1.015254059E3
3.079995296E3,1.015250702E3
3.081034891E3,1.015247726E3
3.082073854E3,1.015247040E3
3.083112958E3,1.015247040E3
3.084151131E3,1.015247726E3
3.085191671E3,1.015248871E3
3.086230962E3,1.015249405E3
3.087270986E3,1.015249405E3
3.088309693E3,1.015248108E3
3.089349107E3,1.015248032E3
3.090387632E3,1.015248108E3
3.091426509E3,1.015249100E3
3.092464975E3,1.015250702E3
3.093503841E3,1.015250931E3
3.094541210E3,1.015251236E3
3.095580695E3,1.015251236E3
3.096619079E3,1.015235443E3
3.097656658E3,1.015222168E3
3.098695004E3,1.015203857E3
3.099733471E3,1.015182343E3
3.100771822E3,1.015164337E3
3.101809644E3,1.015158997E3
3.102847017E3,1.015155258E3
3.103885666E3,1.015154572E3
3.104923736E3,1.015153580E3
3.105962265E3,1.015153580E3
3.107000330E3,1.015152969E3
3.108039096E3,1.015152588E3
3.109078964E3,1.015145569E3
3.110117223E3,1.015145569E3
3.111156944E3,1.015146179E3
3.112195162E3,1.015147018E3
3.113234363E3,1.015147018E3
3.114273707E3,1.015154572E3
3.115311650E3,1.015154572E3
3.116350787E3,1.015154572E3
3.117389834E3,1.015156174E3
3.118428333E3,1.015156784E3
3.119467167E3,1.015156403E3
3.120506916E3,1.015156784E3
3.121545566E3,1.015157547E3
3.122584041E3,1.015158157E3
3.123622963E3,1.015158539E3
3.124661551E3,1.015158539E3
3.125699754E3,1.015156403E3
3.126738165E3,1.015154190E3
3.127775821E3,1.015151825E3
3.128813592E3,1.015147400E3
3.129852705E3,1.015136414E3
3.130890901E3,1.015116730E3
3.131928118E3,1.015100708E3
3.132967069E3,1.015093613E3
3.134005597E3,1.015087585E3
3.135043131E3,1.015084305E3
3.136082680E3,1.015084305E3
3.137120975E3,1.015091629E3
3.138159380E3,1.015100250E3
3.139197052E3,1.015104599E3
3.140235706E3,1.015117416E3
3.141275763E3,1.015142822E3
3.142315233E3,1.015156097E3
3.143353018E3,1.015156097E3
3.144391017E3,1.015154495E3
3.145429363E3,1.015139771E3
3.146468116E3,1.015116501E3
3.147507012E3,1.015097885E3
3.148545608E3,1.015078735E3
3.149584876E3,1.015066452E3
3.150622727E3,1.015066452E3
3.151661133E3,1.015076065E3
3.152700728E3,1.015094757E3
3.153739225E3,1.015112381E3
3.154777939E3,1.015129242E3
3.155817433E3,1.015143356E3
3.156857275E3,1.015155334E3
3.157896449E3,1.015155334E3
3.158934775E3,1.015153656E3
3.159973132E3,1.015152435E3
3.161012823E3,1.015148773E3
3.162050860E3,1.015148773E3
3.163089019E3,1.015150909E3
3.164126849E3,1.015153198E3
3.165164801E3,1.015153732E3
3.166203302E3,1.015156403E3
3.167243601E3,1.015158615E3
3.168282401E3,1.015160904E3
3.169320313E3,1.015160980E3
3.170359032E3,1.015163498E3
3.171399118E3,1.015164185E3
3.172437526E3,1.015164185E3
3.173475440E3,1.015163269E3
3.174513825E3,1.015162582E3
3.175552892E3,1.015161972E3
3.176591492E3,1.015160446E3
3.177629020E3,1.015157623E3
3.178667152E3,1.015154190E3
3.179707061E3,1.015153961E3
3.180745076E3,1.015152359E3
3.181784334E3,1.015150452E3
3.182823498E3,1.015148544E3
3.183861564E3,1.015148468E3
3.184899828E3,1.015148468E3
3.185938321E3,1.015148468E3
3.186978529E3,1.015148468E3
3.188016563E3,1.015148239E3
3.189054281E3,1.015148239E3
3.190092988E3,1.015148468E3
3.191132459E3,1.015149841E3
3.192171084E3,1.015149841E3
3.193210881E3,1.015149689E3
3.194249525E3,1.015149689E3
3.195289037E3,1.015149689E3
3.196327600E3,1.015144501E3
3.197366406E3,1.015144119E3
3.198405819E3,1.015143814E3
3.199444107E3,1.015142593E3
3.200481601E3,1.015141220E3
3.201521076E3,1.015141220E3
3.202561099E3,1.015142899E3
3.203599753E3,1.015143280E3
3.204639167E3,1.015142899E3
3.205677973E3,1.015141373E3
3.206715518E3,1.015140915E3
3.207754237E3,1.015138474E3
3.208793310E3,1.015138016E3
3.209832420E3,1.015138016E3
3.210870419E3,1.015140152E3
3.211908999E3,1.015140152E3
3.212946190E3,1.015136795E3
3.213984879E3,1.015131302E3
3.215023351E3,1.015131302E3
3.216062250E3,1.015132675E3
3.217100839E3,1.015136642E3
3.218139544E3,1.015140228E3
3.219177559E3,1.015143433E3
3.220216878E3,1.015146942E3
3.221255629E3,1.015147324E3
3.222294459E3,1.015147324E3
3.223332109E3,1.015148773E3
3.224370878E3,1.015150528E3
3.225410687E3,1.015150528E3
3.226450038E3,1.015147781E3
3.227488875E3,1.015145645E3
3.228526970E3,1.015141525E3
3.229564715E3,1.015141373E3
3.230601891E3,1.015138855E3
3.231640428E3,1.015138855E3
3.232679043E3,1.015142365E3
3.233718858E3,1.015142365E3
3.234758058E3,1.015141525E3
3.235797436E3,1.015140839E3
3.236835146E3,1.015140610E3
3.237873792E3,1.015139999E3
3.238912197E3,1.015140610E3
3.239951128E3,1.015141678E3
3.240989167E3,1.015141678E3
3.242026779E3,1.015141525E3
3.243064935E3,1.015139618E3
3.244103919E3,1.015139618E3
3.245143178E3,1.015140686E3
3.246182238E3,1.015140686E3
3.247219666E3,1.015141296E3
3.248257403E3,1.015142822E3
3.249296319E3,1.015142822E3
3.250334072E3,1.015139694E3
3.251372024E3,1.015139694E3
3.252409762E3,1.015140381E3
3.253448290E3,1.015140381E3
3.254486057E3,1.015140991E3
3.255524366E3,1.015138931E3
3.256561819E3,1.015138931E3
3.257600896E3,1.015138397E3
3.258639300E3,1.015137711E3
3.259676672E3,1.015133209E3
3.260714471E3,1.015133209E3
3.261752267E3,1.015133438E3
3.262790998E3,1.015133438E3
3.263829012E3,1.015133438E3
3.264867636E3,1.015136414E3
3.265906832E3,1.015136414E3
3.266945457E3,1.015137253E3
3.267983555E3,1.015137253E3
3.269021021E3,1.015139465E3
3.270059378E3,1.015140610E3
3.271097414E3,1.015144043E3
3.272136681E3,1.015140915E3
3.273174448E3,1.015144043E3
3.274213091E3,1.015140915E3
3.275252594E3,1.015145340E3
3.276291220E3,1.015142822E3
3.277329656E3,1.015146790E3
3.278367721E3,1.015150146E3
3.279405181E3,1.015150375E3
3.280443534E3,1.015150146E3
3.281481203E3,1.015149231E3
3.282518878E3,1.015147324E3
3.283557313E3,1.015147324E3
3.284595078E3,1.015144577E3
3.285634400E3,1.015148163E3
3.286671095E3,1.015148163E3
3.287708331E3,1.015148163E3
3.288747467E3,1.015142441E3
3.289785877E3,1.015141220E3
3.290825169E3,1.015138855E3
3.291862965E3,1.015138779E3
3.292900860E3,1.015138779E3
3.293938646E3,1.015147629E3
3.294976860E3,1.015147629E3
3.296015316E3,1.015147324E3
3.297053048E3,1.015147324E3
3.298092049E3,1.015147324E3
3.299130181E3,1.015144424E3
3.300168411E3,1.015144424E3
3.301206912E3,1.015143280E3
3.302246977E3,1.015144043E3
3.303285058E3,1.015144043E3
3.304322784E3,1.015144043E3
3.305361475E3,1.015141754E3
3.306399768E3,1.015141754E3
3.307439534E3,1.015141449E3
3.308477000E3,1.015141449E3
3.309514128E3,1.015138016E3
3.310552199E3,1.015134430E3
3.311590996E3,1.015134430E3
3.312628734E3,1.015132446E3
3.313666435E3,1.015130997E3
3.314704937E3,1.015130997E3
3.315743008E3,1.015136414E3
3.316781047E3,1.015136414E3
3.317819301E3,1.015139389E3
3.318857580E3,1.015132599E3
3.319896397E3,1.015130463E3
3.320935535E3,1.015130463E3
3.321973455E3,1.015130692E3
3.323011099E3,1.015130692E3
3.324050241E3,1.015130692E3
3.325088925E3,1.015130692E3
3.326127537E3,1.015131912E3
3.327165645E3,1.015132599E3
3.328204564E3,1.015132599E3
3.329243369E3,1.015135498E3
3.330280442E3,1.015136108E3
3.331318844E3,1.015137482E3
3.332357925E3,1.015137482E3
3.333395418E3,1.015136795E3
3.334435177E3,1.015136795E3
3.335472912E3,1.015138092E3
3.336512014E3,1.015138092E3
3.337549995E3,1.015135803E3
3.338587761E3,1.015135269E3
3.339626656E3,1.015129852E3
3.340664881E3,1.015129852E3
3.341704351E3,1.015129852E3
3.342742641E3,1.015130615E3
3.343781477E3,1.015130615E3
3.344819768E3,1.015132599E3
3.345859209E3,1.015135040E3
3.346897471E3,1.015137482E3
3.347936831E3,1.015138168E3
3.348976489E3,1.015138168E3
3.350015026E3,1.015138168E3
3.351053305E3,1.015133057E3
3.352092575E3,1.015133057E3
3.353130683E3,1.015124741E3
3.354170956E3,1.015124741E3
3.355209204E3,1.015125885E3
3.356247706E3,1.015130844E3
3.357287662E3,1.015132294E3
3.358324974E3,1.015141525E3
3.359362983E3,1.015141525E3
3.360401304E3,1.015141525E3
3.361439814E3,1.015144272E3
3.362479503E3,1.015144272E3
3.363517086E3,1.015139999E3
3.364555187E3,1.015138550E3
3.365592697E3,1.015132599E3
3.366631040E3,1.015124664E3
3.367670362E3,1.015121078E3
3.368708526E3,1.015121078E3
3.369746132E3,1.015121078E3
3.370783937E3,1.015121536E3
3.371822713E3,1.015120544E3
3.372859930E3,1.015118484E3
3.373898883E3,1.015111923E3
3.374937634E3,1.015111542E3
3.375975916E3,1.015111542E3
3.377015324E3,1.015108261E3
3.378055019E3,1.015108261E3
3.379092596E3,1.015117111E3
3.380130222E3,1.015117340E3
3.381168692E3,1.015119324E3
3.382208070E3,1.015124588E3
3.383247147E3,1.015124588E3
3.384284796E3,1.015124588E3
3.385322192E3,1.015123138E3
3.386359587E3,1.015126038E3
3.387398037E3,1.015128174E3
3.388435226E3,1.015131454E3
3.389473511E3,1.015134659E3
3.390512461E3,1.015133743E3
3.391550995E3,1.015136108E3
3.392591472E3,1.015136108E3
3.393629908E3,1.015136108E3
3.394668715E3,1.015131760E3
3.395706747E3,1.015131760E3
3.396744522E3,1.015132217E3
3.397782373E3,1.015132217E3
3.398820317E3,1.015130310E3
3.399858172E3,1.015128250E3
3.400897004E3,1.015123672E3
3.401935285E3,1.015123672E3
3.402973015E3,1.015124741E3
3.404013343E3,1.015124741E3
3.405052115E3,1.015126419E3
3.406090792E3,1.015127258E3
3.407129078E3,1.015127716E3
3.408168218E3,1.015127716E3
3.409206718E3,1.015133514E3
3.410244844E3,1.015133514E3
3.411282638E3,1.015134048E3
3.412321106E3,1.015136261E3
3.413359256E3,1.015140457E3
3.414397266E3,1.015140457E3
3.415435928E3,1.015141296E3
3.416473816E3,1.015141296E3
3.417512618E3,1.015141296E3
3.418551178E3,1.015135345E3
3.419588732E3,1.015130997E3
3.420626865E3,1.015125656E3
3.421664847E3,1.015125656E3
3.422702957E3,1.015127335E3
3.423741035E3,1.015128937E3
3.424779157E3,1.015132294E3
3.425817208E3,1.015132294E3
3.426855571E3,1.015131302E3
3.427894594E3,1.015126877E3
3.428932578E3,1.015120087E3
3.429971040E3,1.015115662E3
3.431010667E3,1.015114212E3
3.432048543E3,1.015114212E3
3.433085142E3,1.015116272E3
3.434124066E3,1.015117798E3
3.435161954E3,1.015116882E3
3.436200915E3,1.015116882E3
3.437239070E3,1.015116882E3
3.438278113E3,1.015119476E3
3.439317436E3,1.015120850E3
3.440354915E3,1.015121765E3
3.441393048E3,1.015126648E3
3.442433054E3,1.015129395E3
3.443471647E3,1.015130234E3
3.444510995E3,1.015133209E3
3.445548669E3,1.015133209E3
3.446588911E3,1.015130615E3
3.447626946E3,1.015130005E3
3.448665077E3,1.015128632E3
3.449702965E3,1.015128632E3
3.450741411E3,1.015132217E3
3.451779981E3,1.015132217E3
3.452818541E3,1.015132217E3
3.453856977E3,1.015132446E3
3.454894958E3,1.015132446E3
3.455932510E3,1.015127411E3
3.456971313E3,1.015127411E3
3.458008622E3,1.015127716E3
3.459046235E3,1.015128250E3
3.460082779E3,1.015128250E3
3.461120878E3,1.015128250E3
3.462160542E3,1.015133438E3
3.463198861E3,1.015137405E3
3.464239146E3,1.015137405E3
3.465277998E3,1.015138626E3
3.466316109E3,1.015140457E3
3.467354812E3,1.015140457E3
3.468391817E3,1.015133896E3
3.469427586E3,1.015133896E3
3.470464831E3,1.015133896E3